epsilon,threshold,N,distance,exact_heat_units,leading_residual_units,loglog_residual_units
0.05,0.1,10,3,0.8166059821158279,0.02243367846395128,0.16626451242060314
0.05,0.1,11,3,0.8166059821158279,-0.010439245662493102,0.14038607137876136
0.05,0.1,13,3,0.8166059821158279,-0.06805697612338657,0.09438254829417547
0.05,0.1,14,3,0.8166059821158279,-0.09361716025875855,0.07373433174384236
0.05,0.1,16,3,0.8166059821158279,-0.13967275838328552,0.03619092159923898
0.05,0.1,18,3,0.8166059821158279,-0.18029667497292656,0.0027416579341090763
0.05,0.1,20,3,0.8166059821158279,-0.21663600666082694,-0.027423264781955337
0.05,0.1,22,3,0.8166059821158279,-0.24950893078727143,-0.054895034321726155
0.05,0.1,25,3,0.8166059821158279,-0.29359925493836847,-0.0919969386999323
0.05,0.1,28,3,0.8166059821158279,-0.3326868453835369,-0.12511734689269038
0.05,0.1,32,3,0.8166059821158279,-0.37874244350806385,-0.1643971393867686
0.05,0.1,36,3,0.8166059821158279,-0.419366360097705,-0.19925765281480035
0.05,0.1,40,3,0.8166059821158279,-0.4557056917856054,-0.23059975078170514
0.05,0.1,45,3,0.8166059821158279,-0.49632960837524653,-0.26580347747279054
0.05,0.1,50,3,0.8166059821158279,-0.5326689400631469,-0.29743454776986866
0.05,0.1,57,3,0.8166059821158279,-0.5778611969380009,-0.33694535620113253
0.05,0.1,64,3,0.8166059821158279,-0.6178121286328421,-0.3720250482217128
0.05,0.1,71,5,1.4250947018306042,-0.04512340562639294,0.20491488205091613
0.05,0.1,80,5,1.4250947018306042,-0.08628665719560735,0.16851360441779262
0.05,0.1,90,5,1.4250947018306042,-0.12691057378524873,0.13246377552587707
0.05,0.1,101,5,1.4250947018306042,-0.16668182084505112,0.09705606917731768
0.05,0.1,113,5,1.4250947018306042,-0.2054033352086324,0.062479413665662786
0.05,0.1,127,5,1.4250947018306042,-0.24568794567237773,0.026403787678068058
0.05,0.1,143,5,1.4250947018306042,-0.2866134841869312,-0.010348466103542009
0.05,0.1,161,5,1.4250947018306042,-0.3275052878961806,-0.0471689148497092
0.05,0.1,180,5,1.4250947018306042,-0.36598025891002695,-0.08189898317300703
0.05,0.1,202,5,1.4250947018306042,-0.40575150596982956,-0.11788278187601198
0.05,0.1,227,5,1.4250947018306042,-0.44599578063984535,-0.15437740185435267
0.05,0.1,255,5,1.4250947018306042,-0.4861128570954327,-0.19083609789454758
0.05,0.1,286,5,1.4250947018306042,-0.5256831693117097,-0.2268723568291895
0.05,0.1,321,5,1.4250947018306042,-0.5655021738693946,-0.2632067328087655
0.05,0.1,361,5,1.4250947018306042,-0.6060066843130769,-0.30023742064356584
0.05,0.1,405,5,1.4250947018306042,-0.6456738606244465,-0.3365690889517261
0.05,0.1,455,7,2.0036180169035323,-0.10730101711258833,0.2051154581624106
0.05,0.1,510,7,2.0036180169035323,-0.14665922714728286,0.16894302385524762
0.05,0.1,573,7,2.0036180169035323,-0.18683199305238096,0.1319623887918504
0.05,0.1,643,7,2.0036180169035323,-0.22658536060417456,0.09531070999505475
0.05,0.1,722,7,2.0036180169035323,-0.26655305436492727,0.0584061848627202
0.05,0.1,810,7,2.0036180169035323,-0.3062202306762969,0.021726280995677083
0.05,0.1,910,7,2.0036180169035323,-0.34637070223736677,-0.015452314760069363
0.05,0.1,1021,7,2.0036180169035323,-0.38606688843742676,-0.05225975367432589
0.05,0.1,1146,7,2.0036180169035323,-0.42590167817715896,-0.08924355072170087
0.05,0.1,1287,7,2.0036180169035323,-0.4659231410779796,-0.12644735201097257
0.05,0.1,1445,7,2.0036180169035323,-0.5058615104574673,-0.16361906794694825
0.05,0.1,1622,7,2.0036180169035323,-0.5457154613814699,-0.20075576141681495
0.05,0.1,1821,7,2.0036180169035323,-0.5856298433675442,-0.23799101235668862
0.05,0.1,2044,7,2.0036180169035323,-0.6254742188648987,-0.27520183443065127
0.05,0.1,2295,7,2.0036180169035323,-0.6654225139864809,-0.31254947486102846
0.05,0.1,2576,7,2.0036180169035323,-0.7052607133223656,-0.34983266530994284
0.05,0.1,2892,9,2.5773723617957773,-0.17141545647548107,0.1865347455091788
0.05,0.1,3247,9,2.5773723617957773,-0.21134961659509788,0.14908793381333219
0.05,0.1,3645,9,2.5773723617957773,-0.2512291726232494,0.11165703066052579
0.05,0.1,4091,9,2.5773723617957773,-0.2910425763352045,0.07425402046940688
0.05,0.1,4593,9,2.5773723617957773,-0.3309632084571237,0.036716913615431945
0.05,0.1,5156,9,2.5773723617957773,-0.3708437327683014,-0.0008149264109800214
0.05,0.1,5788,9,2.5773723617957773,-0.4107235824318476,-0.03837768890095994
0.05,0.1,6498,9,2.5773723617957773,-0.45063168143665866,-0.07599781217112245
0.05,0.1,7295,9,2.5773723617957773,-0.49053533677625394,-0.11364369977841049
0.05,0.1,8189,9,2.5773723617957773,-0.5304072138381191,-0.15128874989132468
0.05,0.1,9193,9,2.5773723617957773,-0.5702956208968635,-0.18897781255705937
0.05,0.1,10320,9,2.5773723617957773,-0.6101808895227356,-0.226691602739582
0.05,0.1,11586,9,2.5773723617957773,-0.6500910869768721,-0.2644559928023078
0.05,0.1,13006,9,2.5773723617957773,-0.6899666574361092,-0.3022139557561707
0.05,0.1,14601,9,2.5773723617957773,-0.7298649616989361,-0.340019154874331
0.05,0.1,16391,11,3.150331426101386,-0.19679149333922874,0.19512166357206917
0.05,0.1,18401,11,3.150331426101386,-0.23668751336221572,0.15726903438812556
0.05,0.1,20657,11,3.150331426101386,-0.2765754718580862,0.119400132132359
0.05,0.1,23190,11,3.150331426101386,-0.3164695255777059,0.08150207222429673
0.05,0.1,26033,11,3.150331426101386,-0.35635561423473305,0.043588747763710245
0.05,0.1,29225,11,3.150331426101386,-0.39624712845886423,0.0056479491674612525
0.05,0.1,32808,11,3.150331426101386,-0.4361346201882874,-0.032310839531271895
0.05,0.1,36831,11,3.150331426101386,-0.4760288765482632,-0.07029740338027946
0.05,0.1,41346,11,3.150331426101386,-0.5159122014862363,-0.10829442248345433
0.05,0.1,46416,11,3.150331426101386,-0.555806820685512,-0.1463226199232519
0.05,0.1,52107,11,3.150331426101386,-0.5956967918066054,-0.18436636713558086
0.05,0.1,58496,11,3.150331426101386,-0.635588145902481,-0.22243099028194546
0.05,0.1,65668,11,3.150331426101386,-0.6754775304234233,-0.26051287995208794
0.05,0.1,73719,11,3.150331426101386,-0.715365347296455,-0.29861202016006816
0.05,0.1,82758,11,3.150331426101386,-0.7552570598724451,-0.3367332459348211
0.05,0.1,92904,13,3.723154219296001,-0.22232111512227837,0.19795498081770901
0.05,0.1,104295,13,3.723154219296001,-0.2622116556515257,0.15979925612309698
0.05,0.1,117083,13,3.723154219296001,-0.30210321106476634,0.12162528199346223
0.05,0.1,131438,13,3.723154219296001,-0.34199218306036006,0.0834368435753241
0.05,0.1,147554,13,3.723154219296001,-0.38188349364276686,0.04522955964649711
0.05,0.1,165645,13,3.723154219296001,-0.4217726591805402,0.007008045612531877
0.05,0.1,185954,13,3.723154219296001,-0.46166170518820593,-0.03122932603838624
0.05,0.1,208754,13,3.723154219296001,-0.5015524090814587,-0.06948395697520082
0.05,0.1,234349,13,3.723154219296001,-0.5414423328308713,-0.10775321515041192
0.05,0.1,263082,13,3.723154219296001,-0.5813320432232949,-0.1460373574505338
0.05,0.1,295338,13,3.723154219296001,-0.6212218843674426,-0.18433643571306346
0.05,0.1,331549,13,3.723154219296001,-0.6611118827865416,-0.2226502048210226
0.05,0.1,372200,13,3.723154219296001,-0.7010020826391603,-0.260978443994456
0.05,0.1,417835,13,3.723154219296001,-0.740892124184426,-0.29932055130525015
0.05,0.1,469065,13,3.723154219296001,-0.780781979582847,-0.3376762503588786
0.05,0.1,526576,15,4.295953243999897,-0.24787266721107404,0.1967536851472813
0.05,0.1,591139,15,4.295953243999897,-0.28776279158791596,0.15837090820598831
0.05,0.1,663617,15,4.295953243999897,-0.32765239094720755,0.11997557556647642
0.05,0.1,744983,15,4.295953243999897,-0.3675427601352048,0.08156666517317124
0.05,0.1,836324,15,4.295953243999897,-0.40743260333917064,0.043145643265956934
0.05,0.1,938864,15,4.295953243999897,-0.4473223904934862,0.004712270617763359
0.05,0.1,1053977,15,4.295953243999897,-0.48721243200358355,-0.03373354416230345
0.05,0.1,1183203,15,4.295953243999897,-0.5271022204280165,-0.07219110940974183
0.05,0.1,1328274,15,4.295953243999897,-0.5669922321803176,-0.11066068682842989
0.05,0.1,1491132,15,4.295953243999897,-0.6068822511109984,-0.14914187531921996
0.05,0.1,1673957,15,4.295953243999897,-0.6467721023253219,-0.18763431803228325
0.05,0.1,1879198,15,4.295953243999897,-0.6866619823772124,-0.22613802104977143
0.05,0.1,2109604,15,4.295953243999897,-0.7265519854740461,-0.26465289623245347
0.05,0.1,2368259,15,4.295953243999897,-0.7664418753806572,-0.3031785406078171
0.05,0.1,2658628,15,4.295953243999897,-0.8063318619717892,-0.3417149860983413
0.05,0.1,2984598,17,4.868748070683381,-0.2734269356324628,0.19253293747710298
0.05,0.1,3350535,17,4.868748070683381,-0.31331687254218465,0.15397562100480844
0.05,0.1,3761339,17,4.868748070683381,-0.35320681161782197,0.11540808356714116
0.05,0.1,4222511,17,4.868748070683381,-0.39309674631656844,0.07683048702074124
0.05,0.1,4740226,17,4.868748070683381,-0.4329866380220295,0.038243020735146516
0.05,0.1,5321418,17,4.868748070683381,-0.4728765835977278,-0.00035426040693753436
0.05,0.1,5973869,17,4.868748070683381,-0.5127665245897592,-0.0389611545927524
0.05,0.1,6706316,17,4.868748070683381,-0.5526564641023874,-0.07757752277184071
0.05,0.1,7528567,17,4.868748070683381,-0.5925463938285258,-0.11620321796989241
0.05,0.1,8451633,17,4.868748070683381,-0.6324363268439486,-0.15483811695079108
0.05,0.1,9487875,17,4.868748070683381,-0.6723262707643691,-0.19348209414585238
0.05,0.1,10651169,17,4.868748070683381,-0.7122162123604587,-0.23213500665322329
0.05,0.1,11957092,17,4.868748070683381,-0.7521061332616092,-0.2707967093552357
0.05,0.1,13423133,17,4.868748070683381,-0.7919960758646702,-0.3094671187354958
0.05,0.1,15068922,17,4.868748070683381,-0.8318859938875223,-0.3481460679428823
0.05,0.1,16916500,19,5.441542148959968,-0.29898186272476046,0.185960588687208
0.05,0.1,18990606,19,5.441542148959968,-0.3388717957331915,0.1472648534411496
0.05,0.1,21319014,19,5.441542148959968,-0.3787617135199719,0.10856092022471575
0.05,0.1,23932906,19,5.441542148959968,-0.4186516543374399,0.06984886411072555
0.05,0.1,26867283,19,5.441542148959968,-0.458541590827898,0.031128821550360897
0.05,0.1,30161439,19,5.441542148959968,-0.49843152187597717,-0.0075990986855298814
0.05,0.1,33859486,19,5.441542148959968,-0.5383214491500681,-0.04633479269103802
0.05,0.1,38010946,19,5.441542148959968,-0.5782113875333765,-0.08507817150260699
0.05,0.1,42671409,19,5.441542148959968,-0.6181013163252782,-0.1238291136459635
0.05,0.1,47903285,19,5.441542148959968,-0.6579912514271902,-0.16258753519381486
0.05,0.1,53776633,19,5.441542148959968,-0.6978811846645403,-0.20135333077431739
0.05,0.1,60370103,19,5.441542148959968,-0.7377711170278793,-0.2401264058119441
0.05,0.1,67771988,19,5.441542148959968,-0.777661048456765,-0.27890666655432117
0.05,0.1,76081408,19,5.441542148959968,-0.8175509858835337,-0.31769402784626166
0.05,0.1,85409632,21,6.0143360928480005,-0.28464697416239915,0.21630555529125672
0.05,0.1,95881575,21,6.0143360928480005,-0.3245369058036376,0.17750427891688858
0.05,0.1,107637467,21,6.0143360928480005,-0.3644268382477973,0.13869617239928633
0.05,0.1,120834731,21,6.0143360928480005,-0.4043167713113194,0.09988132106681569
0.05,0.1,135650092,21,6.0143360928480005,-0.44420670639108284,0.061059807127088916
0.05,0.1,152281940,21,6.0143360928480005,-0.48409663765552846,0.022231718279754453
0.05,0.1,170952994,21,6.0143360928480005,-0.523986570609738,-0.01660287031524721
0.05,0.1,191913278,21,6.0143360928480005,-0.5638765050749841,-0.05544387943598306
0.05,0.1,215443469,21,6.0143360928480005,-0.6037664375791998,-0.09429122808657642
0.05,0.1,241858661,21,6.0143360928480005,-0.6436563709041172,-0.13314484276003036
0.05,0.1,271512579,21,6.0143360928480005,-0.6835463042065326,-0.17200464778529945
0.05,0.1,304802318,21,6.0143360928480005,-0.7234362372560437,-0.21087056942130467
0.05,0.1,342173660,21,6.0143360928480005,-0.7633261696903846,-0.24974253510021427
0.05,0.1,384127045,21,6.0143360928480005,-0.8032161024920548,-0.28862047483606457
0.05,0.1,431224271,21,6.0143360928480005,-0.8431060362017666,-0.32750431945446046
0.05,0.1,484096014,23,6.587130012465445,-0.3102020492824691,0.20639992102207128
0.05,0.1,543450281,23,6.587130012465445,-0.35009198268452923,0.16750447299018933
0.05,0.1,610081882,23,6.587130012465445,-0.38998191535183846,0.1286033236163746
0.05,0.1,684883082,23,6.587130012465445,-0.4298718485940354,0.08969653663841637
0.05,0.1,768855541,23,6.587130012465445,-0.4697617814168096,0.05078417693536785
0.05,0.1,863123735,23,6.587130012465445,-0.5096517147342068,0.011866306444126451
0.05,0.1,968950006,23,6.587130012465445,-0.5495416476556425,-0.027057012194379837
0.05,0.1,1087751474,23,6.587130012465445,-0.5894315808941997,-0.06598571893680649
0.05,0.1,1221119006,23,6.587130012465445,-0.6293215138416173,-0.10491975346045734
0.05,0.1,1370838526,23,6.587130012465445,-0.6692114468949866,-0.14385905741153682
0.05,0.1,1538914926,23,6.587130012465445,-0.7091013800199049,-0.18280357298126493
0.05,0.1,1727598914,23,6.587130012465445,-0.7489913130459893,-0.2217532431730893
0.05,0.1,1939417155,23,6.587130012465445,-0.7888812460623642,-0.2607080121683465
0.05,0.1,2177206105,23,6.587130012465445,-0.8287711792111399,-0.2996678251047564
0.05,0.1,2444149991,23,6.587130012465445,-0.8686611122354364,-0.3386326276155254
0.05,0.1,2743823456,25,7.159923927679054,-0.33575713010040165,0.19519154858797894
0.05,0.1,3080239422,25,7.159923927679054,-0.3756470630810895,0.1562169256289323
0.05,0.1,3457902833,25,7.159923927679054,-0.41553699624031726,0.11723747002259177
0.05,0.1,3881870971,25,7.159923927679054,-0.45542692921269,0.07825323288521169
0.05,0.1,4357821191,25,7.159923927679054,-0.4953168623355282,0.03926426385076631
0.05,0.1,4892126933,25,7.159923927679054,-0.5352067953663111,0.00027061234088776587
0.05,0.1,5491943079,25,7.159923927679054,-0.5750967284093127,-0.0387276733246571
0.05,0.1,6165301759,25,7.159923927679054,-0.6149866614786195,-0.07773054548518221
0.05,0.1,6921219910,25,7.159923927679054,-0.6548765945790747,-0.11673795720289615
0.05,0.1,7769820020,25,7.159923927679054,-0.6947665276351724,-0.15574986217843723
0.05,0.1,8722465682,25,7.159923927679054,-0.7346564606875967,-0.19476621492855628
0.05,0.1,9791913761,25,7.159923927679054,-0.7745463937430301,-0.2337869706250828
0.05,0.1,10992485221,25,7.159923927679054,-0.814436326788404,-0.2728120850950466
0.05,0.1,12340256899,25,7.159923927679054,-0.8543262598614367,-0.31184151487622014
0.05,0.1,13853276785,25,7.159923927679054,-0.8942161929077832,-0.3508752170642291
0.05,0.1,15551805709,27,7.7327178420904845,-0.361312211561704,0.18288076492372785
0.05,0.1,17458588648,27,7.7327178420904845,-0.4012021446352092,0.14383864386885126
0.05,0.1,19599159304,27,7.7327178420904845,-0.44109207768096237,0.10479237520071472
0.05,0.1,22002182032,27,7.7327178420904845,-0.48098201075503066,0.06574199924887214
0.05,0.1,24699835673,27,7.7327178420904845,-0.520871943806644,0.02668755586049798
0.05,0.1,27728244472,27,7.7327178420904845,-0.5607618768738272,-0.012370915779801983
0.05,0.1,31127961807,27,7.7327178420904845,-0.6006518099272471,-0.05143337698606931
0.05,0.1,34944513247,27,7.7327178420904845,-0.6405417429841576,-0.09049978967176653
0.05,0.1,39229006180,27,7.7327178420904845,-0.6804316760489337,-0.129570116281033
0.05,0.1,44038814190,27,7.7327178420904845,-0.720321609107919,-0.16864431977334426
0.05,0.1,49438345350,27,7.7327178420904845,-0.7602115421673963,-0.2077223636506682
0.05,0.1,55499904707,27,7.7327178420904845,-0.8001014752280602,-0.24680421192266433
0.05,0.1,62304662518,27,7.7327178420904845,-0.8399914082880544,-0.2858898291000793
0.05,0.1,69943741201,27,7.7327178420904845,-0.8798813413502424,-0.32497918019252214
0.05,0.1,78519435552,29,8.305511756355315,-0.34697736014610037,0.20872168357655596
0.05,0.1,88146582575,29,8.305511756355315,-0.3868672932053183,0.1696249677093853
0.05,0.1,98954099263,29,8.305511756355315,-0.426757226266135,0.13052462003225251
0.05,0.1,111086708921,29,8.305511756355315,-0.4666471593247774,0.09142067365438855
0.05,0.1,124706879158,29,8.305511756355315,-0.5065370923856758,0.05231316122637608
0.05,0.1,139996997483,29,8.305511756355315,-0.5464270254439114,0.013202114965505274
0.05,0.1,157161813661,29,8.305511756355315,-0.5863169585060088,-0.025912433356664266
0.05,0.1,176431181504,29,8.305511756355315,-0.6262068915642409,-0.06503045238132366
0.05,0.1,198063136853,29,8.305511756355315,-0.6660968246258747,-0.10415191118348766
0.05,0.1,222347352919,29,8.305511756355315,-0.7059867576851868,-0.14327677923711413
0.05,0.1,249609019304,29,8.305511756355315,-0.7458766907449501,-0.18240502642889922
0.05,0.1,280213196605,29,8.305511756355315,-0.7857666238057561,-0.22153662304070032
0.05,0.1,314569704934,29,8.305511756355315,-0.8256565568653862,-0.26067153974195456
0.05,0.1,353138611819,29,8.305511756355315,-0.8655464899256788,-0.29980974758960777
0.05,0.1,396436392957,29,8.305511756355315,-0.9054364229863392,-0.3389512180153904
0.05,0.1,445042848333,31,8.878305670593278,-0.37253244180801026,0.1946979914176481
0.05,0.1,499608866319,31,8.878305670593278,-0.4124223748684983,0.15555008006537818
0.05,0.1,560865139703,31,8.878305670593278,-0.4523123079283682,0.11639898964309481
0.05,0.1,629631950394,31,8.878305670593278,-0.49220224098878695,0.07724474727390351
0.05,0.1,706830153799,31,8.878305670593278,-0.5320921740490494,0.03808737973707288
0.05,0.1,793493509988,31,8.878305670593278,-0.5719821071087612,-0.001073086528244005
0.05,0.1,890782526764,31,8.878305670593278,-0.6118720401690148,-0.04023662541845496
0.05,0.1,1000000000000,31,8.878305670593278,-0.6517619732292399,-0.0794032111568157
0.05,0.5,10,3,0.8166059821158279,0.02243367846395128,0.16626451242060314
0.05,0.5,11,3,0.8166059821158279,-0.010439245662493102,0.14038607137876136
0.05,0.5,13,3,0.8166059821158279,-0.06805697612338657,0.09438254829417547
0.05,0.5,14,3,0.8166059821158279,-0.09361716025875855,0.07373433174384236
0.05,0.5,16,3,0.8166059821158279,-0.13967275838328552,0.03619092159923898
0.05,0.5,18,5,1.4250947018306042,0.4281920447418497,0.6112303776488853
0.05,0.5,20,5,1.4250947018306042,0.3918527130539493,0.5810654549328209
0.05,0.5,22,5,1.4250947018306042,0.3589797889275048,0.5535936853930501
0.05,0.5,25,5,1.4250947018306042,0.3148894647764078,0.5164917810148439
0.05,0.5,28,5,1.4250947018306042,0.27580187433123937,0.48337137282208587
0.05,0.5,32,5,1.4250947018306042,0.2297462762067124,0.44409158032800766
0.05,0.5,36,5,1.4250947018306042,0.18912235961707125,0.4092310668999759
0.05,0.5,40,5,1.4250947018306042,0.15278302792917087,0.3778889689330711
0.05,0.5,45,5,1.4250947018306042,0.11215911133952972,0.3426852422419857
0.05,0.5,50,5,1.4250947018306042,0.07581977965162934,0.3110541719449076
0.05,0.5,57,5,1.4250947018306042,0.030627522776775384,0.2715433635136437
0.05,0.5,64,5,1.4250947018306042,-0.009323408918065823,0.23646367149306347
0.05,0.5,71,5,1.4250947018306042,-0.04512340562639294,0.20491488205091613
0.05,0.5,80,5,1.4250947018306042,-0.08628665719560735,0.16851360441779262
0.05,0.5,90,5,1.4250947018306042,-0.12691057378524873,0.13246377552587707
0.05,0.5,101,5,1.4250947018306042,-0.16668182084505112,0.09705606917731768
0.05,0.5,113,7,2.0036180169035323,0.3731199798642957,0.6410027287385909
0.05,0.5,127,7,2.0036180169035323,0.33283536940055036,0.6049271027509961
0.05,0.5,143,7,2.0036180169035323,0.29190983088599687,0.5681748489693861
0.05,0.5,161,7,2.0036180169035323,0.2510180271767475,0.5313544002232189
0.05,0.5,180,7,2.0036180169035323,0.21254305616290115,0.49662433189992106
0.05,0.5,202,7,2.0036180169035323,0.17277180910309853,0.4606405331969161
0.05,0.5,227,7,2.0036180169035323,0.13252753443308274,0.4241459132185754
0.05,0.5,255,7,2.0036180169035323,0.09241045797749536,0.3876872171783805
0.05,0.5,286,7,2.0036180169035323,0.05284014576121843,0.3516509582437386
0.05,0.5,321,7,2.0036180169035323,0.013021141203533482,0.3153165822641626
0.05,0.5,361,7,2.0036180169035323,-0.027483369240148825,0.27828589442936225
0.05,0.5,405,7,2.0036180169035323,-0.06715054555151845,0.241954226121202
0.05,0.5,455,7,2.0036180169035323,-0.10730101711258833,0.2051154581624106
0.05,0.5,510,7,2.0036180169035323,-0.14665922714728286,0.16894302385524762
0.05,0.5,573,7,2.0036180169035323,-0.18683199305238096,0.1319623887918504
0.05,0.5,643,9,2.5773723617957773,0.3471689842880705,0.6690650548872998
0.05,0.5,722,9,2.5773723617957773,0.3072012905273178,0.6321605297549653
0.05,0.5,810,9,2.5773723617957773,0.2675341142159482,0.5954806258879222
0.05,0.5,910,9,2.5773723617957773,0.22738364265487832,0.5583020301321757
0.05,0.5,1021,9,2.5773723617957773,0.18768745645481832,0.5214945912179192
0.05,0.5,1146,9,2.5773723617957773,0.14785266671508612,0.4845107941705442
0.05,0.5,1287,9,2.5773723617957773,0.10783120381426547,0.4473069928812725
0.05,0.5,1445,9,2.5773723617957773,0.06789283443477778,0.41013527694529683
0.05,0.5,1622,9,2.5773723617957773,0.028038883510775214,0.37299858347543013
0.05,0.5,1821,9,2.5773723617957773,-0.011875498475299118,0.33576333253555646
0.05,0.5,2044,9,2.5773723617957773,-0.05171987397265365,0.2985525104615938
0.05,0.5,2295,9,2.5773723617957773,-0.09166816909423581,0.2612048700312166
0.05,0.5,2576,9,2.5773723617957773,-0.13150636843012053,0.22392167958230225
0.05,0.5,2892,9,2.5773723617957773,-0.17141545647548107,0.1865347455091788
0.05,0.5,3247,9,2.5773723617957773,-0.21134961659509788,0.14908793381333219
0.05,0.5,3645,9,2.5773723617957773,-0.2512291726232494,0.11165703066052579
0.05,0.5,4091,11,3.150331426101386,0.28191648797040436,0.6472130847750157
0.05,0.5,4593,11,3.150331426101386,0.24199585584848515,0.6096759779210408
0.05,0.5,5156,11,3.150331426101386,0.20211533153730743,0.5721441378946288
0.05,0.5,5788,11,3.150331426101386,0.16223548187376124,0.5345813754046489
0.05,0.5,6498,11,3.150331426101386,0.12232738286895017,0.4969612521344864
0.05,0.5,7295,11,3.150331426101386,0.0824237275293549,0.45931536452719834
0.05,0.5,8189,11,3.150331426101386,0.04255185046748977,0.42167031441428415
0.05,0.5,9193,11,3.150331426101386,0.0026634434087453585,0.38398125174854947
0.05,0.5,10320,11,3.150331426101386,-0.0372218252171268,0.34626746156602684
0.05,0.5,11586,11,3.150331426101386,-0.07713202267126329,0.30850307150330103
0.05,0.5,13006,11,3.150331426101386,-0.11700759313050035,0.2707451085494381
0.05,0.5,14601,11,3.150331426101386,-0.15690589739332728,0.23293990943127785
0.05,0.5,16391,11,3.150331426101386,-0.19679149333922874,0.19512166357206917
0.05,0.5,18401,11,3.150331426101386,-0.23668751336221572,0.15726903438812556
0.05,0.5,20657,11,3.150331426101386,-0.2765754718580862,0.119400132132359
0.05,0.5,23190,13,3.723154219296001,0.2563532676169089,0.6543248654189115
0.05,0.5,26033,13,3.723154219296001,0.21646717895988177,0.6164115409583251
0.05,0.5,29225,13,3.723154219296001,0.1765756647357506,0.5784707423620761
0.05,0.5,32808,13,3.723154219296001,0.1366881730063274,0.5405119536633429
0.05,0.5,36831,13,3.723154219296001,0.09679391664635162,0.5025253898143354
0.05,0.5,41346,13,3.723154219296001,0.05691059170837853,0.4645283707111605
0.05,0.5,46416,13,3.723154219296001,0.017015972509102806,0.4265001732713629
0.05,0.5,52107,13,3.723154219296001,-0.022873998611990576,0.38845642605903397
0.05,0.5,58496,13,3.723154219296001,-0.0627653527078662,0.35039180291266936
0.05,0.5,65668,13,3.723154219296001,-0.10265473722880847,0.3123099132425269
0.05,0.5,73719,13,3.723154219296001,-0.14254255410184014,0.27421077303454666
0.05,0.5,82758,13,3.723154219296001,-0.18243426667783025,0.2360895472597937
0.05,0.5,92904,13,3.723154219296001,-0.22232111512227837,0.19795498081770901
0.05,0.5,104295,13,3.723154219296001,-0.2622116556515257,0.15979925612309698
0.05,0.5,117083,13,3.723154219296001,-0.30210321106476634,0.12162528199346223
0.05,0.5,131438,15,4.295953243999897,0.2308068416435356,0.6562358682792198
0.05,0.5,147554,15,4.295953243999897,0.1909155310611288,0.6180285843503928
0.05,0.5,165645,15,4.295953243999897,0.15102636552335547,0.5798070703164275
0.05,0.5,185954,15,4.295953243999897,0.11113731951568973,0.5415696986655094
0.05,0.5,208754,15,4.295953243999897,0.07124661562243695,0.5033150677286948
0.05,0.5,234349,15,4.295953243999897,0.03135669187302437,0.46504580955348374
0.05,0.5,263082,15,4.295953243999897,-0.00853301851939925,0.42676166725336184
0.05,0.5,295338,15,4.295953243999897,-0.04842285966354698,0.3884625889908322
0.05,0.5,331549,15,4.295953243999897,-0.088312858082646,0.35014881988287305
0.05,0.5,372200,15,4.295953243999897,-0.12820305793526465,0.31182058070943963
0.05,0.5,417835,15,4.295953243999897,-0.1680930994805303,0.2734784733986455
0.05,0.5,469065,15,4.295953243999897,-0.20798295487895135,0.23512277434501705
0.05,0.5,526576,15,4.295953243999897,-0.24787266721107404,0.1967536851472813
0.05,0.5,591139,15,4.295953243999897,-0.28776279158791596,0.15837090820598831
0.05,0.5,663617,15,4.295953243999897,-0.32765239094720755,0.11997557556647642
0.05,0.5,744983,17,4.868748070683381,0.20525206654827954,0.6543614918566556
0.05,0.5,836324,17,4.868748070683381,0.16536222334431372,0.6159404699494413
0.05,0.5,938864,17,4.868748070683381,0.12547243618999815,0.5775070973012477
0.05,0.5,1053977,17,4.868748070683381,0.08558239467990081,0.5390612825211809
0.05,0.5,1183203,17,4.868748070683381,0.045692606255467894,0.5006037172737425
0.05,0.5,1328274,17,4.868748070683381,0.00580259450316678,0.46213413985505447
0.05,0.5,1491132,17,4.868748070683381,-0.034087424427514,0.4236529513642644
0.05,0.5,1673957,17,4.868748070683381,-0.07397727564183754,0.3851605086512011
0.05,0.5,1879198,17,4.868748070683381,-0.11386715569372807,0.34665680563371293
0.05,0.5,2109604,17,4.868748070683381,-0.15375715879056173,0.3081419304510309
0.05,0.5,2368259,17,4.868748070683381,-0.19364704869717286,0.26961628607566723
0.05,0.5,2658628,17,4.868748070683381,-0.23353703528830483,0.23107984058514308
0.05,0.5,2984598,17,4.868748070683381,-0.2734269356324628,0.19253293747710298
0.05,0.5,3350535,17,4.868748070683381,-0.31331687254218465,0.15397562100480844
0.05,0.5,3761339,17,4.868748070683381,-0.35320681161782197,0.11540808356714116
0.05,0.5,4222511,19,5.441542148959968,0.17969733196001858,0.6496245652973283
0.05,0.5,4740226,19,5.441542148959968,0.1398074402545575,0.6110370990117335
0.05,0.5,5321418,19,5.441542148959968,0.09991749467885924,0.5724398178696495
0.05,0.5,5973869,19,5.441542148959968,0.06002755368682777,0.5338329236838346
0.05,0.5,6706316,19,5.441542148959968,0.02013761417419957,0.4952165555047463
0.05,0.5,7528567,19,5.441542148959968,-0.019752315551938793,0.4565908603066946
0.05,0.5,8451633,19,5.441542148959968,-0.059642248567361555,0.41795596132579593
0.05,0.5,9487875,19,5.441542148959968,-0.09953219248778211,0.37931198413073464
0.05,0.5,10651169,19,5.441542148959968,-0.13942213408387172,0.34065907162336373
0.05,0.5,11957092,19,5.441542148959968,-0.17931205498502223,0.3019973689213513
0.05,0.5,13423133,19,5.441542148959968,-0.21920199758808323,0.2633269595410912
0.05,0.5,15068922,19,5.441542148959968,-0.25909191561093525,0.22464801033370474
0.05,0.5,16916500,19,5.441542148959968,-0.29898186272476046,0.185960588687208
0.05,0.5,18990606,19,5.441542148959968,-0.3388717957331915,0.1472648534411496
0.05,0.5,21319014,21,6.0143360928480005,0.1940322303680606,0.6813548641127483
0.05,0.5,23932906,21,6.0143360928480005,0.15414228955059261,0.6426428079987581
0.05,0.5,26867283,21,6.0143360928480005,0.11425235306013448,0.6039227654383934
0.05,0.5,30161439,21,6.0143360928480005,0.07436242201205534,0.5651948452025026
0.05,0.5,33859486,21,6.0143360928480005,0.03447249473796443,0.5264591511969945
0.05,0.5,38010946,21,6.0143360928480005,-0.005417443645344022,0.4877157723854255
0.05,0.5,42671409,21,6.0143360928480005,-0.045307372437245697,0.448964830242069
0.05,0.5,47903285,21,6.0143360928480005,-0.08519730753915766,0.41020640869421765
0.05,0.5,53776633,21,6.0143360928480005,-0.1250872407765078,0.3714406131137151
0.05,0.5,60370103,21,6.0143360928480005,-0.16497717313984683,0.3326675380760884
0.05,0.5,67771988,21,6.0143360928480005,-0.20486710456873247,0.29388727733371134
0.05,0.5,76081408,21,6.0143360928480005,-0.2447570419955012,0.25509991604177085
0.05,0.5,85409632,21,6.0143360928480005,-0.28464697416239915,0.21630555529125672
0.05,0.5,95881575,21,6.0143360928480005,-0.3245369058036376,0.17750427891688858
0.05,0.5,107637467,21,6.0143360928480005,-0.3644268382477973,0.13869617239928633
0.05,0.5,120834731,23,6.587130012465445,0.16847714830612492,0.67267524068426
0.05,0.5,135650092,23,6.587130012465445,0.12858721322636146,0.6338537267445332
0.05,0.5,152281940,23,6.587130012465445,0.08869728196191584,0.5950256378971988
0.05,0.5,170952994,23,6.587130012465445,0.048807349007706335,0.5561910493021971
0.05,0.5,191913278,23,6.587130012465445,0.0089174145424602,0.5173500401814612
0.05,0.5,215443469,23,6.587130012465445,-0.030972517961755486,0.4785026915308679
0.05,0.5,241858661,23,6.587130012465445,-0.0708624512866729,0.43964907685741395
0.05,0.5,271512579,23,6.587130012465445,-0.11075238458908832,0.40078927183214486
0.05,0.5,304802318,23,6.587130012465445,-0.15064231763859937,0.36192335019613964
0.05,0.5,342173660,23,6.587130012465445,-0.19053225007294028,0.32305138451723003
0.05,0.5,384127045,23,6.587130012465445,-0.23042218287461047,0.28417344478137974
0.05,0.5,431224271,23,6.587130012465445,-0.2703121165843223,0.24528960016298385
0.05,0.5,484096014,23,6.587130012465445,-0.3102020492824691,0.20639992102207128
0.05,0.5,543450281,23,6.587130012465445,-0.35009198268452923,0.16750447299018933
0.05,0.5,610081882,23,6.587130012465445,-0.38998191535183846,0.1286033236163746
0.05,0.5,684883082,25,7.159923927679054,0.1429220666195734,0.6624904518520252
0.05,0.5,768855541,25,7.159923927679054,0.10303213379679921,0.6235780921489766
0.05,0.5,863123735,25,7.159923927679054,0.063142200479402,0.5846602216577352
0.05,0.5,968950006,25,7.159923927679054,0.023252267557966277,0.545736903019229
0.05,0.5,1087751474,25,7.159923927679054,-0.016637665680590885,0.5068081962768023
0.05,0.5,1221119006,25,7.159923927679054,-0.05652759862800849,0.46787416175315144
0.05,0.5,1370838526,25,7.159923927679054,-0.09641753168137779,0.42893485780207197
0.05,0.5,1538914926,25,7.159923927679054,-0.13630746480629607,0.38999034223234386
0.05,0.5,1727598914,25,7.159923927679054,-0.17619739783238053,0.3510406720405195
0.05,0.5,1939417155,25,7.159923927679054,-0.21608733084875542,0.3120859030452623
0.05,0.5,2177206105,25,7.159923927679054,-0.25597726399753107,0.27312609010885236
0.05,0.5,2444149991,25,7.159923927679054,-0.2958671970218276,0.2341612875980834
0.05,0.5,2743823456,25,7.159923927679054,-0.33575713010040165,0.19519154858797894
0.05,0.5,3080239422,25,7.159923927679054,-0.3756470630810895,0.1562169256289323
0.05,0.5,3457902833,25,7.159923927679054,-0.41553699624031726,0.11723747002259177
0.05,0.5,3881870971,27,7.7327178420904845,0.11736698519874089,0.6510471472966426
0.05,0.5,4357821191,27,7.7327178420904845,0.07747705207590272,0.6120581782621972
0.05,0.5,4892126933,27,7.7327178420904845,0.0375871190451198,0.5730645267523187
0.05,0.5,5491943079,27,7.7327178420904845,-0.002302813997881792,0.5340662410867738
0.05,0.5,6165301759,27,7.7327178420904845,-0.04219274706718856,0.4950633689262487
0.05,0.5,6921219910,27,7.7327178420904845,-0.08208268016764375,0.45605595720853476
0.05,0.5,7769820020,27,7.7327178420904845,-0.12197261322374153,0.4170440522329937
0.05,0.5,8722465682,27,7.7327178420904845,-0.1618625462761658,0.3780276994828746
0.05,0.5,9791913761,27,7.7327178420904845,-0.20175247933159923,0.3390069437863481
0.05,0.5,10992485221,27,7.7327178420904845,-0.24164241237697315,0.2999818293163843
0.05,0.5,12340256899,27,7.7327178420904845,-0.2815323454500058,0.26095239953521077
0.05,0.5,13853276785,27,7.7327178420904845,-0.3214222784963523,0.22191869734720182
0.05,0.5,15551805709,27,7.7327178420904845,-0.361312211561704,0.18288076492372785
0.05,0.5,17458588648,27,7.7327178420904845,-0.4012021446352092,0.14383864386885126
0.05,0.5,19599159304,29,8.305511756355315,0.13170183658386847,0.6775862894655456
0.05,0.5,22002182032,29,8.305511756355315,0.09181190350980017,0.638535913513703
0.05,0.5,24699835673,29,8.305511756355315,0.051921970458186806,0.5994814701253288
0.05,0.5,27728244472,29,8.305511756355315,0.01203203739100367,0.5604229984850289
0.05,0.5,31127961807,29,8.305511756355315,-0.027857895662416254,0.5213605372787615
0.05,0.5,34944513247,29,8.305511756355315,-0.06774782871932672,0.4822941245930643
0.05,0.5,39229006180,29,8.305511756355315,-0.10763776178410289,0.44322379798379785
0.05,0.5,44038814190,29,8.305511756355315,-0.14752769484308814,0.4041495944914866
0.05,0.5,49438345350,29,8.305511756355315,-0.18741762790256544,0.36507155061416263
0.05,0.5,55499904707,29,8.305511756355315,-0.22730756096322935,0.3259897023421665
0.05,0.5,62304662518,29,8.305511756355315,-0.26719749402322357,0.2869040851647515
0.05,0.5,69943741201,29,8.305511756355315,-0.3070874270854116,0.2478147340723087
0.05,0.5,78519435552,29,8.305511756355315,-0.34697736014610037,0.20872168357655596
0.05,0.5,88146582575,29,8.305511756355315,-0.3868672932053183,0.1696249677093853
0.05,0.5,98954099263,29,8.305511756355315,-0.426757226266135,0.13052462003225251
0.05,0.5,111086708921,31,8.878305670593278,0.10614675491318515,0.6642145878923511
0.05,0.5,124706879158,31,8.878305670593278,0.06625682185228676,0.6251070754643386
0.05,0.5,139996997483,31,8.878305670593278,0.026366888794051135,0.5859960292034678
0.05,0.5,157161813661,31,8.878305670593278,-0.013523044268046291,0.5468814808812983
0.05,0.5,176431181504,31,8.878305670593278,-0.053412977326278366,0.5077634618566389
0.05,0.5,198063136853,31,8.878305670593278,-0.09330291038791216,0.4686420030544749
0.05,0.5,222347352919,31,8.878305670593278,-0.13319284344722426,0.4295171350008484
0.05,0.5,249609019304,31,8.878305670593278,-0.17308277650698756,0.39038888780906333
0.05,0.5,280213196605,31,8.878305670593278,-0.21297270956779357,0.35125729119726223
0.05,0.5,314569704934,31,8.878305670593278,-0.25286264262742364,0.312122374496008
0.05,0.5,353138611819,31,8.878305670593278,-0.2927525756877163,0.2729841666483548
0.05,0.5,396436392957,31,8.878305670593278,-0.33264250874837664,0.23384269622257214
0.05,0.5,445042848333,31,8.878305670593278,-0.37253244180801026,0.1946979914176481
0.05,0.5,499608866319,31,8.878305670593278,-0.4124223748684983,0.15555008006537818
0.05,0.5,560865139703,33,9.451099584826304,0.12048160630465787,0.6891929038761209
0.05,0.5,629631950394,33,9.451099584826304,0.0805916732442391,0.6500386615069296
0.05,0.5,706830153799,33,9.451099584826304,0.040701740183976653,0.6108812939700989
0.05,0.5,793493509988,33,9.451099584826304,0.0008118071242648739,0.571720827704782
0.05,0.5,890782526764,33,9.451099584826304,-0.039078125935988695,0.5325572888145711
0.05,0.5,1000000000000,33,9.451099584826304,-0.07896805899621384,0.49339070307621036
0.05,0.9,10,5,1.4250947018306042,0.6309223981787275,0.7747532321353794
0.05,0.9,11,5,1.4250947018306042,0.5980494740522831,0.7488747910935376
0.05,0.9,13,7,2.0036180169035323,1.1189550586643178,1.2813945830818798
0.05,0.9,14,7,2.0036180169035323,1.0933948745289457,1.2607463665315466
0.05,0.9,16,7,2.0036180169035323,1.047339276404419,1.2232029563869433
0.05,0.9,18,7,2.0036180169035323,1.0067153598147778,1.1897536927218133
0.05,0.9,20,7,2.0036180169035323,0.9703760281268774,1.159588770005749
0.05,0.9,22,7,2.0036180169035323,0.9375031040004329,1.1321170004659782
0.05,0.9,25,7,2.0036180169035323,0.8934127798493359,1.095015096087772
0.05,0.9,28,7,2.0036180169035323,0.8543251894041675,1.061894687895014
0.05,0.9,32,7,2.0036180169035323,0.8082695912796405,1.0226148954009358
0.05,0.9,36,7,2.0036180169035323,0.7676456746899993,0.987754381972904
0.05,0.9,40,7,2.0036180169035323,0.731306343002099,0.9564122840059992
0.05,0.9,45,7,2.0036180169035323,0.6906824264124578,0.9212085573149138
0.05,0.9,50,7,2.0036180169035323,0.6543430947245574,0.8895774870178357
0.05,0.9,57,7,2.0036180169035323,0.6091508378497035,0.8500666785865718
0.05,0.9,64,7,2.0036180169035323,0.5691999061548623,0.8149869865659916
0.05,0.9,71,9,2.5773723617957773,1.1071542543387802,1.3571925420160893
0.05,0.9,80,9,2.5773723617957773,1.0659910027695658,1.3207912643829658
0.05,0.9,90,9,2.5773723617957773,1.0253670861799244,1.2847414354910502
0.05,0.9,101,9,2.5773723617957773,0.985595839120122,1.2493337291424909
0.05,0.9,113,9,2.5773723617957773,0.9468743247565408,1.214757073630836
0.05,0.9,127,9,2.5773723617957773,0.9065897142927954,1.1786814476432412
0.05,0.9,143,9,2.5773723617957773,0.865664175778242,1.1419291938616312
0.05,0.9,161,9,2.5773723617957773,0.8247723720689926,1.105108745115464
0.05,0.9,180,9,2.5773723617957773,0.7862974010551462,1.0703786767921661
0.05,0.9,202,9,2.5773723617957773,0.7465261539953436,1.0343948780891612
0.05,0.9,227,9,2.5773723617957773,0.7062818793253278,0.9979002581108205
0.05,0.9,255,9,2.5773723617957773,0.6661648028697404,0.9614415620706256
0.05,0.9,286,9,2.5773723617957773,0.6265944906534635,0.9254053031359837
0.05,0.9,321,9,2.5773723617957773,0.5867754860957786,0.8890709271564077
0.05,0.9,361,9,2.5773723617957773,0.5462709756520963,0.8520402393216073
0.05,0.9,405,11,3.150331426101386,1.0795628636463355,1.388667635319056
0.05,0.9,455,11,3.150331426101386,1.0394123920852656,1.3518288673602645
0.05,0.9,510,11,3.150331426101386,1.000054182050571,1.3156564330531015
0.05,0.9,573,11,3.150331426101386,0.959881416145473,1.2786757979897043
0.05,0.9,643,11,3.150331426101386,0.9201280485936794,1.2420241191929087
0.05,0.9,722,11,3.150331426101386,0.8801603548329267,1.2051195940605741
0.05,0.9,810,11,3.150331426101386,0.840493178521557,1.168439690193531
0.05,0.9,910,11,3.150331426101386,0.8003427069604871,1.1312610944377846
0.05,0.9,1021,11,3.150331426101386,0.7606465207604272,1.094453655523528
0.05,0.9,1146,11,3.150331426101386,0.720811731020695,1.057469858476153
0.05,0.9,1287,11,3.150331426101386,0.6807902681198743,1.0202660571868813
0.05,0.9,1445,11,3.150331426101386,0.6408518987403866,0.9830943412509057
0.05,0.9,1622,11,3.150331426101386,0.600997947816384,0.945957647781039
0.05,0.9,1821,11,3.150331426101386,0.5610835658303097,0.9087223968411653
0.05,0.9,2044,11,3.150331426101386,0.5212391903329552,0.8715115747672026
0.05,0.9,2295,13,3.723154219296001,1.0541136884059878,1.4069867275314403
0.05,0.9,2576,13,3.723154219296001,1.0142754890701031,1.369703537082526
0.05,0.9,2892,13,3.723154219296001,0.9743664010247426,1.3323166030094025
0.05,0.9,3247,13,3.723154219296001,0.9344322409051258,1.2948697913135558
0.05,0.9,3645,13,3.723154219296001,0.8945526848769743,1.2574388881607494
0.05,0.9,4091,13,3.723154219296001,0.8547392811650192,1.2200358779696305
0.05,0.9,4593,13,3.723154219296001,0.8148186490431,1.1824987711156556
0.05,0.9,5156,13,3.723154219296001,0.7749381247319223,1.1449669310892436
0.05,0.9,5788,13,3.723154219296001,0.7350582750683761,1.1074041685992637
0.05,0.9,6498,13,3.723154219296001,0.695150176063565,1.0697840453291012
0.05,0.9,7295,13,3.723154219296001,0.6552465207239697,1.0321381577218132
0.05,0.9,8189,13,3.723154219296001,0.6153746436621046,0.994493107608899
0.05,0.9,9193,13,3.723154219296001,0.5754862366033602,0.9568040449431643
0.05,0.9,10320,13,3.723154219296001,0.535600967977488,0.9190902547606417
0.05,0.9,11586,13,3.723154219296001,0.49569077052335153,0.8813258646979159
0.05,0.9,13006,15,4.295953243999897,1.0286142247680101,1.4163669264479486
0.05,0.9,14601,15,4.295953243999897,0.9887159205051832,1.3785617273297883
0.05,0.9,16391,15,4.295953243999897,0.9488303245592817,1.3407434814705796
0.05,0.9,18401,15,4.295953243999897,0.9089343045362948,1.302890852286636
0.05,0.9,20657,15,4.295953243999897,0.8690463460404243,1.2650219500308695
0.05,0.9,23190,15,4.295953243999897,0.8291522923208046,1.2271238901228072
0.05,0.9,26033,15,4.295953243999897,0.7892662036637774,1.1892105656622207
0.05,0.9,29225,15,4.295953243999897,0.7493746894396462,1.1512697670659717
0.05,0.9,32808,15,4.295953243999897,0.7094871977102231,1.1133109783672386
0.05,0.9,36831,15,4.295953243999897,0.6695929413502473,1.075324414518231
0.05,0.9,41346,15,4.295953243999897,0.6297096164122742,1.0373273954150561
0.05,0.9,46416,15,4.295953243999897,0.5898149972129985,0.9992991979752586
0.05,0.9,52107,15,4.295953243999897,0.5499250260919051,0.9612554507629296
0.05,0.9,58496,15,4.295953243999897,0.5100336719960294,0.923190827616565
0.05,0.9,65668,15,4.295953243999897,0.4701442874750872,0.8851089379464225
0.05,0.9,73719,17,4.868748070683381,1.0030512972855399,1.4198046244219267
0.05,0.9,82758,17,4.868748070683381,0.9631595847095498,1.3816833986471737
0.05,0.9,92904,17,4.868748070683381,0.9232727362651016,1.343548832205089
0.05,0.9,104295,17,4.868748070683381,0.8833821957358543,1.305393107510477
0.05,0.9,117083,17,4.868748070683381,0.8434906403226137,1.2672191333808422
0.05,0.9,131438,17,4.868748070683381,0.80360166832702,1.2290306949627041
0.05,0.9,147554,17,4.868748070683381,0.7637103577446132,1.1908234110338771
0.05,0.9,165645,17,4.868748070683381,0.7238211922068398,1.152601896999912
0.05,0.9,185954,17,4.868748070683381,0.6839321461991741,1.1143645253489938
0.05,0.9,208754,17,4.868748070683381,0.6440414423059213,1.0761098944121792
0.05,0.9,234349,17,4.868748070683381,0.6041515185565087,1.037840636236968
0.05,0.9,263082,17,4.868748070683381,0.5642618081640851,0.9995564939368462
0.05,0.9,295338,17,4.868748070683381,0.5243719670199374,0.9612574156743166
0.05,0.9,331549,17,4.868748070683381,0.48448196860083836,0.9229436465663574
0.05,0.9,372200,17,4.868748070683381,0.4445917687482197,0.884615407392924
0.05,0.9,417835,19,5.441542148959968,0.9774958054795411,1.4190673783587169
0.05,0.9,469065,19,5.441542148959968,0.93760595008112,1.3807116793050884
0.05,0.9,526576,19,5.441542148959968,0.8977162377489973,1.3423425901073527
0.05,0.9,591139,19,5.441542148959968,0.8578261133721554,1.3039598131660597
0.05,0.9,663617,19,5.441542148959968,0.8179365140128638,1.2655644805265478
0.05,0.9,744983,19,5.441542148959968,0.7780461448248666,1.2271555701332426
0.05,0.9,836324,19,5.441542148959968,0.7381563016209007,1.1887345482260283
0.05,0.9,938864,19,5.441542148959968,0.6982665144665852,1.1503011755778347
0.05,0.9,1053977,19,5.441542148959968,0.6583764729564878,1.111855360797768
0.05,0.9,1183203,19,5.441542148959968,0.6184866845320549,1.0733977955503295
0.05,0.9,1328274,19,5.441542148959968,0.5785966727797538,1.0349282181316415
0.05,0.9,1491132,19,5.441542148959968,0.538706653849073,0.9964470296408514
0.05,0.9,1673957,19,5.441542148959968,0.4988168026347495,0.9579545869277881
0.05,0.9,1879198,19,5.441542148959968,0.45892692258285894,0.9194508839102999
0.05,0.9,2109604,19,5.441542148959968,0.4190369194860253,0.8809360087276179
0.05,0.9,2368259,21,6.0143360928480005,0.9519409734674467,1.4152043082402868
0.05,0.9,2658628,21,6.0143360928480005,0.9120509868763147,1.3766678627497626
0.05,0.9,2984598,21,6.0143360928480005,0.8721610865321567,1.3381209596417225
0.05,0.9,3350535,21,6.0143360928480005,0.8322711496224349,1.299563643169428
0.05,0.9,3761339,21,6.0143360928480005,0.7923812105467976,1.2609961057317607
0.05,0.9,4222511,21,6.0143360928480005,0.7524912758480511,1.2224185091853608
0.05,0.9,4740226,21,6.0143360928480005,0.71260138414259,1.183831042899766
0.05,0.9,5321418,21,6.0143360928480005,0.6727114385668918,1.145233761757682
0.05,0.9,5973869,21,6.0143360928480005,0.6328214975748603,1.1066268675718671
0.05,0.9,6706316,21,6.0143360928480005,0.5929315580622321,1.0680104993927788
0.05,0.9,7528567,21,6.0143360928480005,0.5530416283360937,1.029384804194727
0.05,0.9,8451633,21,6.0143360928480005,0.513151695320671,0.9907499052138284
0.05,0.9,9487875,21,6.0143360928480005,0.4732617514002504,0.9521059280187671
0.05,0.9,10651169,21,6.0143360928480005,0.4333718098041608,0.9134530155113962
0.05,0.9,11957092,21,6.0143360928480005,0.3934818889030103,0.8747913128093838
0.05,0.9,13423133,23,6.587130012465445,0.9263858659173936,1.408914823046568
0.05,0.9,15068922,23,6.587130012465445,0.8864959478945416,1.3702358738391816
0.05,0.9,16916500,23,6.587130012465445,0.8466060007807164,1.3315484521926848
0.05,0.9,18990606,23,6.587130012465445,0.8067160677722853,1.2928527169466264
0.05,0.9,21319014,23,6.587130012465445,0.7668261499855049,1.2541487837301926
0.05,0.9,23932906,23,6.587130012465445,0.7269362091680369,1.2154367276162024
0.05,0.9,26867283,23,6.587130012465445,0.6870462726775788,1.1767166850558377
0.05,0.9,30161439,23,6.587130012465445,0.6471563416294996,1.137988764819947
0.05,0.9,33859486,23,6.587130012465445,0.6072664143554087,1.0992530708144388
0.05,0.9,38010946,23,6.587130012465445,0.5673764759721003,1.0605096920028698
0.05,0.9,42671409,23,6.587130012465445,0.5274865471801986,1.0217587498595133
0.05,0.9,47903285,23,6.587130012465445,0.48759661207828664,0.983000328311662
0.05,0.9,53776633,23,6.587130012465445,0.4477066788409365,0.9442345327311594
0.05,0.9,60370103,23,6.587130012465445,0.40781674647759747,0.9054614576935327
0.05,0.9,67771988,25,7.159923927679054,0.9407207302623206,1.4394751121647644
0.05,0.9,76081408,25,7.159923927679054,0.9008307928355519,1.400687750872824
0.05,0.9,85409632,25,7.159923927679054,0.8609408606686539,1.3618933901223098
0.05,0.9,95881575,25,7.159923927679054,0.8210509290274155,1.3230921137479417
0.05,0.9,107637467,25,7.159923927679054,0.7811609965832558,1.2842840072303394
0.05,0.9,120834731,25,7.159923927679054,0.7412710635197337,1.2454691558978688
0.05,0.9,135650092,25,7.159923927679054,0.7013811284399702,1.206647641958142
0.05,0.9,152281940,25,7.159923927679054,0.6614911971755246,1.1678195531108075
0.05,0.9,170952994,25,7.159923927679054,0.6216012642213151,1.1289849645158059
0.05,0.9,191913278,25,7.159923927679054,0.581711329756069,1.09014395539507
0.05,0.9,215443469,25,7.159923927679054,0.5418213972518533,1.0512966067444767
0.05,0.9,241858661,25,7.159923927679054,0.5019314639269359,1.0124429920710227
0.05,0.9,271512579,25,7.159923927679054,0.46204153062452047,0.9735831870457536
0.05,0.9,304802318,25,7.159923927679054,0.4221515975750094,0.9347172654097484
0.05,0.9,342173660,25,7.159923927679054,0.3822616651406685,0.8958452997308388
0.05,0.9,384127045,27,7.7327178420904845,0.9151656467504292,1.4297612744064194
0.05,0.9,431224271,27,7.7327178420904845,0.8752757130407174,1.3908774297880235
0.05,0.9,484096014,27,7.7327178420904845,0.8353857803425706,1.351987750647111
0.05,0.9,543450281,27,7.7327178420904845,0.7954958469405105,1.313092302615229
0.05,0.9,610081882,27,7.7327178420904845,0.7556059142732012,1.2741911532414143
0.05,0.9,684883082,27,7.7327178420904845,0.7157159810310043,1.235284366263456
0.05,0.9,768855541,27,7.7327178420904845,0.6758260482082301,1.1963720065604075
0.05,0.9,863123735,27,7.7327178420904845,0.6359361148908329,1.1574541360691661
0.05,0.9,968950006,27,7.7327178420904845,0.5960461819693972,1.1185308174306599
0.05,0.9,1087751474,27,7.7327178420904845,0.55615624873084,1.0796021106882332
0.05,0.9,1221119006,27,7.7327178420904845,0.5162663157834224,1.0406680761645823
0.05,0.9,1370838526,27,7.7327178420904845,0.4763763827300531,1.0017287722135029
0.05,0.9,1538914926,27,7.7327178420904845,0.43648644960513483,0.9627842566437748
0.05,0.9,1727598914,27,7.7327178420904845,0.3965965165790504,0.9238345864519504
0.05,0.9,1939417155,27,7.7327178420904845,0.3567065835626755,0.8848798174566932
0.05,0.9,2177206105,29,8.305511756355315,0.8896105646787307,1.418713918785114
0.05,0.9,2444149991,29,8.305511756355315,0.8497206316544341,1.3797491162743452
0.05,0.9,2743823456,29,8.305511756355315,0.8098306985758601,1.3407793772642407
0.05,0.9,3080239422,29,8.305511756355315,0.7699407655951722,1.301804754305194
0.05,0.9,3457902833,29,8.305511756355315,0.7300508324359445,1.2628252986988535
0.05,0.9,3881870971,29,8.305511756355315,0.6901608994635717,1.2238410615614734
0.05,0.9,4357821191,29,8.305511756355315,0.6502709663407336,1.184852092527028
0.05,0.9,4892126933,29,8.305511756355315,0.6103810333099506,1.1458584410171495
0.05,0.9,5491943079,29,8.305511756355315,0.570491100266949,1.1068601553516046
0.05,0.9,6165301759,29,8.305511756355315,0.5306011671976423,1.0678572831910795
0.05,0.9,6921219910,29,8.305511756355315,0.4907112340971871,1.0288498714733656
0.05,0.9,7769820020,29,8.305511756355315,0.4508213010410893,0.9898379664978245
0.05,0.9,8722465682,29,8.305511756355315,0.41093136798866503,0.9508216137477055
0.05,0.9,9791913761,29,8.305511756355315,0.3710414349332316,0.9118008580511789
0.05,0.9,10992485221,31,8.878305670593278,0.9039454161258202,1.4455696578191777
0.05,0.9,12340256899,31,8.878305670593278,0.8640554830527876,1.4065402280380042
0.05,0.9,13853276785,31,8.878305670593278,0.8241655500064411,1.3675065258499952
0.05,0.9,15551805709,31,8.878305670593278,0.7842756169410894,1.3284685934265212
0.05,0.9,17458588648,31,8.878305670593278,0.7443856838675842,1.2894264723716446
0.05,0.9,19599159304,31,8.878305670593278,0.704495750821831,1.250380203703508
0.05,0.9,22002182032,31,8.878305670593278,0.6646058177477627,1.2113298277516655
0.05,0.9,24699835673,31,8.878305670593278,0.6247158846961494,1.1722753843632914
0.05,0.9,27728244472,31,8.878305670593278,0.5848259516289662,1.1332169127229914
0.05,0.9,31127961807,31,8.878305670593278,0.5449360185755463,1.094154451516724
0.05,0.9,34944513247,31,8.878305670593278,0.5050460855186358,1.0550880388310269
0.05,0.9,39229006180,31,8.878305670593278,0.46515615245385966,1.0160177122217604
0.05,0.9,44038814190,31,8.878305670593278,0.4252662193948744,0.9769435087294491
0.05,0.9,49438345350,31,8.878305670593278,0.3853762863353971,0.9378654648521252
0.05,0.9,55499904707,31,8.878305670593278,0.3454863532747332,0.8987836165801291
0.05,0.9,62304662518,33,9.451099584826304,0.878390334447765,1.4324919136357401
0.05,0.9,69943741201,33,9.451099584826304,0.838500401385577,1.3934025625432973
0.05,0.9,78519435552,33,9.451099584826304,0.7986104683248882,1.3543095120475446
0.05,0.9,88146582575,33,9.451099584826304,0.7587205352656703,1.315212796180374
0.05,0.9,98954099263,33,9.451099584826304,0.7188306022048536,1.2761124485032411
0.05,0.9,111086708921,33,9.451099584826304,0.6789406691462112,1.2370085021253772
0.05,0.9,124706879158,33,9.451099584826304,0.6390507360853128,1.1979009896973647
0.05,0.9,139996997483,33,9.451099584826304,0.5991608030270772,1.1587899434364939
0.05,0.9,157161813661,33,9.451099584826304,0.5592708699649798,1.1196753951143243
0.05,0.9,176431181504,33,9.451099584826304,0.5193809369067477,1.080557376089665
0.05,0.9,198063136853,33,9.451099584826304,0.4794910038451139,1.041435917287501
0.05,0.9,222347352919,33,9.451099584826304,0.4396010707858018,1.0023110492338745
0.05,0.9,249609019304,33,9.451099584826304,0.3997111377260385,0.9631828020420894
0.05,0.9,280213196605,33,9.451099584826304,0.3598212046652325,0.9240512054302883
0.05,0.9,314569704934,33,9.451099584826304,0.3199312716056024,0.884916288729034
0.05,0.9,353138611819,35,10.023893499058422,0.8528352527774281,1.4185719951134992
0.05,0.9,396436392957,35,10.023893499058422,0.8129453197167678,1.3794305246877165
0.05,0.9,445042848333,35,10.023893499058422,0.7730553866571341,1.3402858198827925
0.05,0.9,499608866319,35,10.023893499058422,0.7331654535966461,1.3011379085305226
0.05,0.9,560865139703,35,10.023893499058422,0.6932755205367762,1.2619868181082392
0.05,0.9,629631950394,35,10.023893499058422,0.6533855874763574,1.222832575739048
0.05,0.9,706830153799,35,10.023893499058422,0.613495654416095,1.1836752082022173
0.05,0.9,793493509988,35,10.023893499058422,0.5736057213563832,1.1445147419369004
0.05,0.9,890782526764,35,10.023893499058422,0.5337157882961296,1.1053512030466894
0.05,0.9,1000000000000,35,10.023893499058422,0.4938258552359045,1.0661846173083287
