epsilon,threshold,first_integer_N,last_integer_N,minimal_distance,exact_heat_units,max_supported_N_for_distance
0.05,0.5,10,17,3,0.8166059821158279,17
0.05,0.5,18,107,5,1.4250947018306042,107
0.05,0.5,108,641,7,2.0036180169035323,641
0.05,0.5,642,3740,9,2.5773723617957773,3740
0.05,0.5,3741,21420,11,3.150331426101386,21420
0.05,0.5,21421,121170,13,3.723154219296001,121170
0.05,0.5,121171,679209,15,4.295953243999897,679209
0.05,0.5,679210,3780377,17,4.868748070683381,3780377
0.05,0.5,3780378,20922598,19,5.441542148959968,20922598
0.05,0.5,20922599,115264483,21,6.0143360928480005,115264483
0.05,0.5,115264484,632574145,23,6.587130012465445,632574145
0.05,0.5,632574146,3460361479,25,7.159923927679054,3460361479
0.05,0.5,3460361480,18876778315,27,7.7327178420904845,18876778315
0.05,0.5,18876778316,102728785729,29,8.305511756355315,102728785729
0.05,0.5,102728785730,557885800329,31,8.878305670593278,557885800329
0.05,0.5,557885800330,1000000000000,33,9.451099584826304,3024092494734
0.2,0.5,10,10,11,7.890568259263168,10
0.2,0.5,11,17,13,9.354265443210783,17
0.2,0.5,18,29,15,10.810093924742654,29
0.2,0.5,30,48,17,12.261221306318667,48
0.2,0.5,49,78,19,13.70951638573014,78
0.2,0.5,79,128,21,15.156093846719985,128
0.2,0.5,129,207,23,16.60162417743593,207
0.2,0.5,208,336,25,18.046513368493233,336
0.2,0.5,337,543,27,19.49100857924951,543
0.2,0.5,544,876,29,20.93526094533793,876
0.2,0.5,877,1409,31,22.379363229835906,1409
0.2,0.5,1410,2263,33,23.823372549075327,2263
0.2,0.5,2264,3630,35,25.267324166984267,3630
0.2,0.5,3631,5814,37,26.711239907431576,5814
0.2,0.5,5815,9301,39,28.155133304757854,9301
0.2,0.5,9302,14863,41,29.59901276792011,14863
0.2,0.5,14864,23729,43,31.042883530021093,23729
0.2,0.5,23730,37848,45,32.48674885253886,37848
0.2,0.5,37849,60320,47,33.93061077084926,60320
0.2,0.5,60321,96059,49,35.37447055668398,96059
0.2,0.5,96060,152868,51,36.81832900550625,152868
0.2,0.5,152869,243113,53,38.26218661537141,243113
0.2,0.5,243114,386399,55,39.706043698406994,386399
0.2,0.5,386400,613788,57,41.149900450385616,613788
0.2,0.5,613789,974474,59,42.59375699419523,974474
0.2,0.5,974475,1546347,61,44.03761340702903,1546347
0.2,0.5,1546348,2452682,63,45.48146973740908,2452682
0.2,0.5,2452683,3888522,65,46.925326015854324,3888522
0.2,0.5,3888523,6162377,67,48.36918226157144,6162377
0.2,0.5,6162378,9762077,69,49.81303848665446,9762077
0.2,0.5,9762078,15458791,71,51.256894698722625,15458791
0.2,0.5,15458792,24471278,73,52.70075090257833,24471278
0.2,0.5,24471279,38725177,75,54.1446071012499,38725177
0.2,0.5,38725178,61262257,77,55.58846329664778,61262257
0.2,0.5,61262258,96886236,79,57.032319489977645,96886236
0.2,0.5,96886237,153181696,81,58.47617568200071,153181696
0.2,0.5,153181697,242121376,83,59.92003187319771,242121376
0.2,0.5,242121377,382601121,85,61.3638880638724,382601121
0.2,0.5,382601122,604437222,87,62.807744254216736,604437222
0.2,0.5,604437223,954668760,89,64.25160044435208,954668760
0.2,0.5,954668761,1507492493,91,65.69545663435514,1507492493
0.2,0.5,1507492494,2379921634,93,67.13931282427448,2379921634
0.2,0.5,2379921635,3756462614,95,68.58316901414082,3756462614
0.2,0.5,3756462615,5927997778,97,70.02702520397361,5927997778
0.2,0.5,5927997779,9353043609,99,71.47088139378512,9353043609
0.2,0.5,9353043610,14754247818,101,72.91473758358316,14754247818
0.2,0.5,14754247819,23270376776,103,74.35859377337268,23270376776
0.2,0.5,23270376777,36695672752,105,75.80244996315677,36695672752
0.2,0.5,36695672753,57856759480,107,77.24630615293745,57856759480
0.2,0.5,57856759481,91206069072,109,78.69016234271594,91206069072
0.2,0.5,91206069073,143756068524,111,80.13401853249307,143756068524
0.2,0.5,143756068525,226549840339,113,81.5778747222693,226549840339
0.2,0.5,226549840340,356975696742,115,83.02173091204499,356975696742
0.2,0.5,356975696743,562409875076,117,84.46558710182032,562409875076
0.2,0.5,562409875077,885948757814,119,85.90944329159544,885948757814
0.2,0.5,885948757815,1000000000000,121,87.35329948137041,1395428317888
0.4,0.5,10,10,125,121.32207526517226,10
0.4,0.5,11,11,129,125.20994591330835,11
0.4,0.5,12,12,133,129.0974551947947,12
0.4,0.5,13,13,135,131.04108476118984,13
0.4,0.5,14,14,139,134.92811287461984,14
0.4,0.5,15,15,141,136.87151852307096,15
0.4,0.5,16,16,145,140.7581294917701,16
0.4,0.5,17,17,147,142.70134093682202,17
0.4,0.5,18,18,149,144.644493529144,18
0.4,0.5,19,19,151,146.58758997748097,19
0.4,0.5,20,20,153,148.5306328617019,20
0.4,0.5,21,21,155,150.47362463921647,21
0.4,0.5,22,22,157,152.41656765105193,22
0.4,0.5,23,23,159,154.35946412760933,23
0.4,0.5,24,24,161,156.30231619411796,24
0.4,0.5,25,25,163,158.24512587580503,25
0.4,0.5,26,26,165,160.18789510279612,26
0.4,0.5,27,27,167,162.1306257147623,27
0.4,0.5,28,29,169,164.07331946532724,29
0.4,0.5,30,30,171,166.0159780262485,30
0.4,0.5,31,31,173,167.95860299138417,31
0.4,0.5,32,33,175,169.90119588045815,33
0.4,0.5,34,34,177,171.84375814263367,34
0.4,0.5,35,36,179,173.78629115990645,36
0.4,0.5,37,38,181,175.7287962503264,38
0.4,0.5,39,39,183,177.67127467105792,39
0.4,0.5,40,41,185,179.61372762128664,41
0.4,0.5,42,43,187,181.5561562449812,43
0.4,0.5,44,45,189,183.4985616335177,45
0.4,0.5,46,47,191,185.44094482817403,47
0.4,0.5,48,50,193,187.38330682250054,50
0.4,0.5,51,52,195,189.32564856457452,52
0.4,0.5,53,54,197,191.267970959143,54
0.4,0.5,55,57,199,193.21027486966145,57
0.4,0.5,58,60,201,195.1525611202319,60
0.4,0.5,61,62,203,197.09483049744733,62
0.4,0.5,63,65,205,199.03708375214603,65
0.4,0.5,66,68,207,200.97932160108087,68
0.4,0.5,69,71,209,202.92154472850785,71
0.4,0.5,72,75,211,204.8637537876982,75
0.4,0.5,76,78,213,206.80594940237728,78
0.4,0.5,79,82,215,208.74813216809477,82
0.4,0.5,83,86,217,210.69030265352893,86
0.4,0.5,87,89,219,212.63246140172865,89
0.4,0.5,90,94,221,214.57460893129607,94
0.4,0.5,95,98,223,216.51674573751316,98
0.4,0.5,99,102,225,218.45887229341454,102
0.4,0.5,103,107,227,220.40098905080959,107
0.4,0.5,108,112,229,222.34309644125608,112
0.4,0.5,113,117,231,224.2851948769879,117
0.4,0.5,118,122,233,226.2272847517991,122
0.4,0.5,123,128,235,228.16936644188618,128
0.4,0.5,129,134,237,230.11144030665105,134
0.4,0.5,135,140,239,232.05350668946613,140
0.4,0.5,141,146,241,233.99556591840394,146
0.4,0.5,147,153,243,235.9376183069321,153
0.4,0.5,154,160,245,237.87966415457666,160
0.4,0.5,161,167,247,239.82170374755387,167
0.4,0.5,168,175,249,241.76373735937295,175
0.4,0.5,176,183,251,243.7057652514109,183
0.4,0.5,184,191,253,245.64778767346033,191
0.4,0.5,192,200,255,247.58980486425256,200
0.4,0.5,201,209,257,249.5318170519559,209
0.4,0.5,210,218,259,251.47382445465144,218
0.4,0.5,219,228,261,253.4158272807867,228
0.4,0.5,229,239,263,255.3578257296084,239
0.4,0.5,240,249,265,257.2998199915756,249
0.4,0.5,250,261,267,259.2418102487533,261
0.4,0.5,262,272,269,261.1837966751893,272
0.4,0.5,273,285,271,263.1257794372718,285
0.4,0.5,286,298,273,265.0677586940726,298
0.4,0.5,299,311,275,267.00973459767397,311
0.4,0.5,312,325,277,268.95170729347984,325
0.4,0.5,326,340,279,270.89367692051417,340
0.4,0.5,341,355,281,272.83564361170477,355
0.4,0.5,356,371,283,274.77760749415467,371
0.4,0.5,372,387,285,276.719568689401,387
0.4,0.5,388,405,287,278.6615273136625,405
0.4,0.5,406,423,289,280.60348347807513,423
0.4,0.5,424,442,291,282.54543728891787,442
0.4,0.5,443,462,293,284.4873888478279,462
0.4,0.5,463,483,295,286.4293382520058,483
0.4,0.5,484,504,297,288.371285594412,504
0.4,0.5,505,527,299,290.31323096395437,527
0.4,0.5,528,550,301,292.255174445667,550
0.4,0.5,551,575,303,294.1971161208811,575
0.4,0.5,576,601,305,296.1390560673887,601
0.4,0.5,602,628,307,298.0809943595981,628
0.4,0.5,629,656,309,300.0229310686833,656
0.4,0.5,657,685,311,301.964866262726,685
0.4,0.5,686,716,313,303.9068000068519,716
0.4,0.5,717,747,315,305.84873236336034,747
0.4,0.5,748,781,317,307.7906633918484,781
0.4,0.5,782,816,319,309.7325931493298,816
0.4,0.5,817,852,321,311.6745216903477,852
0.4,0.5,853,890,323,313.61644906708347,890
0.4,0.5,891,930,325,315.55837532945975,930
0.4,0.5,931,971,327,317.50030052523954,971
0.4,0.5,972,1014,329,319.44222470012033,1014
0.4,0.5,1015,1059,331,321.3841478978249,1059
0.4,0.5,1060,1107,333,323.3260701601872,1107
0.4,0.5,1108,1156,335,325.26799152723476,1156
0.4,0.5,1157,1207,337,327.2099120372678,1207
0.4,0.5,1208,1261,339,329.1518317269346,1261
0.4,0.5,1262,1317,341,331.0937506313027,1317
0.4,0.5,1318,1375,343,333.03566878392905,1375
0.4,0.5,1376,1436,345,334.9775862169246,1436
0.4,0.5,1437,1500,347,336.91950296101766,1500
0.4,0.5,1501,1567,349,338.86141904561435,1567
0.4,0.5,1568,1636,351,340.8033344988555,1636
0.4,0.5,1637,1708,353,342.74524934767174,1708
0.4,0.5,1709,1784,355,344.68716361783635,1784
0.4,0.5,1785,1863,357,346.62907733401516,1863
0.4,0.5,1864,1946,359,348.5709905198146,1946
0.4,0.5,1947,2032,361,350.51290319782765,2032
0.4,0.5,2033,2122,363,352.45481538967806,2122
0.4,0.5,2123,2216,365,354.3967271160617,2216
0.4,0.5,2217,2314,367,356.33863839678713,2314
0.4,0.5,2315,2416,369,358.28054925081403,2416
0.4,0.5,2417,2523,371,360.2224596962896,2523
0.4,0.5,2524,2634,373,362.16436975058383,2634
0.4,0.5,2635,2751,375,364.1062794303232,2751
0.4,0.5,2752,2872,377,366.0481887514226,2872
0.4,0.5,2873,2999,379,367.99009772911586,2999
0.4,0.5,3000,3131,381,369.9320063779858,3131
0.4,0.5,3132,3270,383,371.8739147119914,3270
0.4,0.5,3271,3414,385,373.8158227444954,3414
0.4,0.5,3415,3564,387,375.75773048828967,3564
0.4,0.5,3565,3722,389,377.6996379556198,3722
0.4,0.5,3723,3886,391,379.6415451582085,3886
0.4,0.5,3887,4057,393,381.5834521072785,4057
0.4,0.5,4058,4236,395,383.5253588135737,4236
0.4,0.5,4237,4422,397,385.46726528737963,4422
0.4,0.5,4423,4617,399,387.40917153854366,4617
0.4,0.5,4618,4820,401,389.35107757649325,4820
0.4,0.5,4821,5032,403,391.2929834102544,5032
0.4,0.5,5033,5254,405,393.2348890484687,5254
0.4,0.5,5255,5485,407,395.17679449940965,5485
0.4,0.5,5486,5726,409,397.11869977099883,5726
0.4,0.5,5727,5978,411,399.0606048708208,5978
0.4,0.5,5979,6241,413,401.00250980613725,6241
0.4,0.5,6242,6515,415,402.94441458390133,6515
0.4,0.5,6516,6801,417,404.8863192107706,6801
0.4,0.5,6802,7100,419,406.8282236931196,7100
0.4,0.5,7101,7412,421,408.7701280370522,7412
0.4,0.5,7413,7738,423,410.71203224841287,7738
0.4,0.5,7739,8077,425,412.6539363327982,8077
0.4,0.5,8078,8432,427,414.5958402955669,8432
0.4,0.5,8433,8802,429,416.53774414185057,8802
0.4,0.5,8803,9188,431,418.479647876563,9188
0.4,0.5,9189,9591,433,420.4215515044096,9591
0.4,0.5,9592,10012,435,422.3634550298962,10012
0.4,0.5,10013,10451,437,424.30535845733795,10451
0.4,0.5,10452,10909,439,426.24726179086684,10909
0.4,0.5,10910,11387,441,428.1891650344399,11387
0.4,0.5,11388,11886,443,430.1310681918467,11886
0.4,0.5,11887,12406,445,432.0729712667162,12406
0.4,0.5,12407,12950,447,434.0148742625238,12950
0.4,0.5,12951,13517,449,435.95677718259793,13517
0.4,0.5,13518,14109,451,437.8986800301261,14109
0.4,0.5,14110,14726,453,439.840582808161,14726
0.4,0.5,14727,15371,455,441.78248551962633,15371
0.4,0.5,15372,16043,457,443.72438816732216,16043
0.4,0.5,16044,16745,459,445.6662907539301,16745
0.4,0.5,16746,17477,461,447.6081932820187,17477
0.4,0.5,17478,18242,463,449.5500957540478,18242
0.4,0.5,18243,19039,465,451.49199817237337,19039
0.4,0.5,19040,19872,467,453.433900539252,19872
0.4,0.5,19873,20740,469,455.37580285684504,20740
0.4,0.5,20741,21646,471,457.3177051272225,21646
0.4,0.5,21647,22592,473,459.25960735236714,22592
0.4,0.5,22593,23579,475,461.2015095341781,23579
0.4,0.5,23580,24609,477,463.1434116744744,24609
0.4,0.5,24610,25683,479,465.0853137749983,25683
0.4,0.5,25684,26805,481,467.0272158374188,26805
0.4,0.5,26806,27975,483,468.9691178633344,27975
0.4,0.5,27976,29196,485,470.9110198542762,29196
0.4,0.5,29197,30469,487,472.8529218117111,30469
0.4,0.5,30470,31799,489,474.7948237370439,31799
0.4,0.5,31800,33186,491,476.73672563162035,33186
0.4,0.5,33187,34633,493,478.67862749672963,34633
0.4,0.5,34634,36143,495,480.6205293336066,36143
0.4,0.5,36144,37719,497,482.5624311434341,37719
0.4,0.5,37720,39363,499,484.5043329273454,39363
0.4,0.5,39364,41079,501,486.44623468642584,41079
0.4,0.5,41080,42869,503,488.3881364217153,42869
0.4,0.5,42870,44737,505,490.3300381342099,44737
0.4,0.5,44738,46686,507,492.2719398248638,46686
0.4,0.5,46687,48719,509,494.21384149459124,48719
0.4,0.5,48720,50841,511,496.15574314426794,50841
0.4,0.5,50842,53055,513,498.0976447747328,53055
0.4,0.5,53056,55364,515,500.0395463867896,55364
0.4,0.5,55365,57774,517,501.9814479812081,57774
0.4,0.5,57775,60289,519,503.92334955872604,60289
0.4,0.5,60290,62912,521,505.8652511200502,62912
0.4,0.5,62913,65649,523,507.8071526658573,65649
0.4,0.5,65650,68505,525,509.7490541967962,68505
0.4,0.5,68506,71485,527,511.6909557134881,71485
0.4,0.5,71486,74594,529,513.6328572165284,74594
0.4,0.5,74595,77837,531,515.5747587064875,77837
0.4,0.5,77838,81221,533,517.5166601839118,81221
0.4,0.5,81222,84752,535,519.4585616493248,84752
0.4,0.5,84753,88436,537,521.4004631032279,88436
0.4,0.5,88437,92279,539,523.3423645461021,92279
0.4,0.5,92280,96288,541,525.2842659784076,96288
0.4,0.5,96289,100472,543,527.2261674005855,100472
0.4,0.5,100473,104836,545,529.1680688130584,104836
0.4,0.5,104837,109389,547,531.1099702162315,109389
0.4,0.5,109390,114140,549,533.0518716104928,114140
0.4,0.5,114141,119096,551,534.9937729962136,119096
0.4,0.5,119097,124266,553,536.9356743737507,124266
0.4,0.5,124267,129661,555,538.877575743445,129661
0.4,0.5,129662,135288,557,540.8194771056238,135288
0.4,0.5,135289,141160,559,542.7613784606003,141160
0.4,0.5,141161,147285,561,544.7032798086747,147285
0.4,0.5,147286,153675,563,546.6451811501346,153675
0.4,0.5,153676,160341,565,548.5870824852559,160341
0.4,0.5,160342,167296,567,550.5289838143026,167296
0.4,0.5,167297,174551,569,552.4708851375277,174551
0.4,0.5,174552,182120,571,554.4127864551738,182120
0.4,0.5,182121,190017,573,556.3546877674731,190017
0.4,0.5,190018,198254,575,558.2965890746484,198254
0.4,0.5,198255,206848,577,560.2384903769132,206848
0.4,0.5,206849,215813,579,562.1803916744718,215813
0.4,0.5,215814,225165,581,564.1222929675201,225165
0.4,0.5,225166,234922,583,566.0641942562459,234922
0.4,0.5,234923,245100,585,568.0060955408289,245100
0.4,0.5,245101,255718,587,569.9479968214416,255718
0.4,0.5,255719,266794,589,571.8898980982493,266794
0.4,0.5,266795,278349,591,573.8317993714102,278349
0.4,0.5,278350,290402,593,575.7737006410761,290402
0.4,0.5,290403,302976,595,577.7156019073922,302976
0.4,0.5,302977,316093,597,579.6575031704978,316093
0.4,0.5,316094,329777,599,581.5994044305264,329777
0.4,0.5,329778,344051,601,583.541305687606,344051
0.4,0.5,344052,358941,603,585.4832069418593,358941
0.4,0.5,358942,374473,605,587.4251081934035,374473
0.4,0.5,374474,390676,607,589.3670094423514,390676
0.4,0.5,390677,407578,609,591.3089106888109,407578
0.4,0.5,407579,425210,611,593.2508119328852,425210
0.4,0.5,425211,443602,613,595.1927131746735,443602
0.4,0.5,443603,462787,615,597.1346144142708,462787
0.4,0.5,462788,482800,617,599.076515651768,482800
0.4,0.5,482801,503676,619,601.0184168872524,503676
0.4,0.5,503677,525452,621,602.9603181208076,525452
0.4,0.5,525453,548167,623,604.9022193525137,548167
0.4,0.5,548168,571862,625,606.8441205824473,571862
0.4,0.5,571863,596578,627,608.7860218106822,596578
0.4,0.5,596579,622359,629,610.7279230372887,622359
0.4,0.5,622360,649252,631,612.6698242623347,649252
0.4,0.5,649253,677304,633,614.6117254858847,677304
0.4,0.5,677305,706565,635,616.5536267080007,706565
0.4,0.5,706566,737087,637,618.4955279287423,737087
0.4,0.5,737088,768924,639,620.4374291481665,768924
0.4,0.5,768925,802133,641,622.3793303663281,802133
0.4,0.5,802134,836772,643,624.3212315832792,836772
0.4,0.5,836773,872904,645,626.2631327990703,872904
0.4,0.5,872905,910591,647,628.2050340137491,910591
0.4,0.5,910592,949902,649,630.1469352273622,949902
0.4,0.5,949903,990906,651,632.0888364399532,990906
0.4,0.5,990907,1033676,653,634.030737651565,1033676
0.4,0.5,1033677,1078287,655,635.9726388622379,1078287
0.4,0.5,1078288,1124819,657,637.9145400720109,1124819
0.4,0.5,1124820,1173354,659,639.8564412809213,1173354
0.4,0.5,1173355,1223979,661,641.7983424890049,1223979
0.4,0.5,1223980,1276782,663,643.7402436962957,1276782
0.4,0.5,1276783,1331858,665,645.6821449028267,1331858
0.4,0.5,1331859,1389305,667,647.6240461086295,1389305
0.4,0.5,1389306,1449223,669,649.5659473137341,1449223
0.4,0.5,1449224,1511720,671,651.5078485181695,1511720
0.4,0.5,1511721,1576906,673,653.4497497219633,1576906
0.4,0.5,1576907,1644896,675,655.391650925142,1644896
0.4,0.5,1644897,1715810,677,657.3335521277314,1715810
0.4,0.5,1715811,1789776,679,659.2754533297556,1789776
0.4,0.5,1789777,1866922,681,661.2173545312381,1866922
0.4,0.5,1866923,1947387,683,663.1592557322014,1947387
0.4,0.5,1947388,2031312,685,665.1011569326668,2031312
0.4,0.5,2031313,2118845,687,667.0430581326549,2118845
0.4,0.5,2118846,2210143,689,668.9849593321857,2210143
0.4,0.5,2210144,2305365,691,670.9268605312778,2305365
0.4,0.5,2305366,2404681,693,672.8687617299497,2404681
0.4,0.5,2404682,2508267,695,674.8106629282186,2508267
0.4,0.5,2508268,2616305,697,676.752564126101,2616305
0.4,0.5,2616306,2728987,699,678.6944653236131,2728987
0.4,0.5,2728988,2846511,701,680.6363665207701,2846511
0.4,0.5,2846512,2969086,703,682.5782677175869,2969086
0.4,0.5,2969087,3096929,705,684.5201689140773,3096929
0.4,0.5,3096930,3230264,707,686.4620701102549,3230264
0.4,0.5,3230265,3369328,709,688.4039713061327,3369328
0.4,0.5,3369329,3514366,711,690.345872501723,3514366
0.4,0.5,3514367,3665634,713,692.2877736970376,3665634
0.4,0.5,3665635,3823401,715,694.229674892088,3823401
0.4,0.5,3823402,3987944,717,696.1715760868852,3987944
0.4,0.5,3987945,4159553,719,698.1134772814396,4159553
0.4,0.5,4159554,4338532,721,700.0553784757612,4338532
0.4,0.5,4338533,4525197,723,701.9972796698596,4525197
0.4,0.5,4525198,4719878,725,703.939180863744,4719878
0.4,0.5,4719879,4922917,727,705.8810820574233,4922917
0.4,0.5,4922918,5134673,729,707.8229832509061,5134673
0.4,0.5,5134674,5355519,731,709.7648844442002,5355519
0.4,0.5,5355520,5585846,733,711.7067856373137,5585846
0.4,0.5,5585847,5826059,735,713.6486868302538,5826059
0.4,0.5,5826060,6076582,737,715.5905880230279,6076582
0.4,0.5,6076583,6337857,739,717.5324892156426,6337857
0.4,0.5,6337858,6610345,741,719.4743904081047,6610345
0.4,0.5,6610346,6894525,743,721.4162916004204,6894525
0.4,0.5,6894526,7190899,745,723.3581927925958,7190899
0.4,0.5,7190900,7499990,747,725.3000939846366,7499990
0.4,0.5,7499991,7822341,749,727.2419951765485,7822341
0.4,0.5,7822342,8158520,751,729.1838963683365,8158520
0.4,0.5,8158521,8509121,753,731.125797560006,8509121
0.4,0.5,8509122,8874760,755,733.0676987515619,8874760
0.4,0.5,8874761,9256082,757,735.0095999430089,9256082
0.4,0.5,9256083,9653758,759,736.9515011343512,9653758
0.4,0.5,9653759,10068489,761,738.8934023255935,10068489
0.4,0.5,10068490,10501004,763,740.8353035167395,10501004
0.4,0.5,10501005,10952065,765,742.7772047077937,10952065
0.4,0.5,10952066,11422466,767,744.7191058987594,11422466
0.4,0.5,11422467,11913036,769,746.6610070896405,11913036
0.4,0.5,11913037,12424636,771,748.6029082804405,12424636
0.4,0.5,12424637,12958168,773,750.5448094711626,12958168
0.4,0.5,12958169,13514570,775,752.4867106618101,13514570
0.4,0.5,13514571,14094821,777,754.4286118523861,14094821
0.4,0.5,14094822,14699941,779,756.3705130428934,14699941
0.4,0.5,14699942,15330995,781,758.3124142333352,15330995
0.4,0.5,15330996,15989093,783,760.2543154237137,15989093
0.4,0.5,15989094,16675391,785,762.1962166140319,16675391
0.4,0.5,16675392,17391097,787,764.138117804292,17391097
0.4,0.5,17391098,18137469,789,766.0800189944966,18137469
0.4,0.5,18137470,18915817,791,768.021920184648,18915817
0.4,0.5,18915818,19727511,793,769.9638213747482,19727511
0.4,0.5,19727512,20573977,795,771.9057225647996,20573977
0.4,0.5,20573978,21456702,797,773.8476237548039,21456702
0.4,0.5,21456703,22377237,799,775.7895249447631,22377237
0.4,0.5,22377238,23337199,801,777.7314261346792,23337199
0.4,0.5,23337200,24338275,803,779.6733273245538,24338275
0.4,0.5,24338276,25382221,805,781.615228514389,25382221
0.4,0.5,25382222,26470873,807,783.5571297041859,26470873
0.4,0.5,26470874,27606141,809,785.4990308939464,27606141
0.4,0.5,27606142,28790019,811,787.4409320836719,28790019
0.4,0.5,28790020,30024584,813,789.3828332733636,30024584
0.4,0.5,30024585,31312005,815,791.3247344630234,31312005
0.4,0.5,31312006,32654540,817,793.2666356526524,32654540
0.4,0.5,32654541,34054547,819,795.2085368422518,34054547
0.4,0.5,34054548,35514480,821,797.1504380318228,35514480
0.4,0.5,35514481,37036903,823,799.0923392213666,37036903
0.4,0.5,37036904,38624486,825,801.0342404108842,38624486
0.4,0.5,38624487,40280013,827,802.976141600377,40280013
0.4,0.5,40280014,42006390,829,804.9180427898457,42006390
0.4,0.5,42006391,43806643,831,806.8599439792915,43806643
0.4,0.5,43806644,45683929,833,808.8018451687153,45683929
0.4,0.5,45683930,47641541,835,810.7437463581178,47641541
0.4,0.5,47641542,49682910,837,812.6856475475001,49682910
0.4,0.5,49682911,51811616,839,814.6275487368631,51811616
0.4,0.5,51811617,54031389,841,816.5694499262074,54031389
0.4,0.5,54031390,56346120,843,818.5113511155338,56346120
0.4,0.5,56346121,58759866,845,820.4532523048431,58759866
0.4,0.5,58759867,61276858,847,822.395153494136,61276858
0.4,0.5,61276859,63901504,849,824.3370546834132,63901504
0.4,0.5,63901505,66638403,851,826.278955872675,66638403
0.4,0.5,66638404,69492350,853,828.2208570619226,69492350
0.4,0.5,69492351,72468345,855,830.1627582511563,72468345
0.4,0.5,72468346,75571599,857,832.1046594403767,75571599
0.4,0.5,75571600,78807547,859,834.0465606295843,78807547
0.4,0.5,78807548,82181856,861,835.9884618187797,82181856
0.4,0.5,82181857,85700433,863,837.9303630079631,85700433
0.4,0.5,85700434,89369440,865,839.8722641971355,89369440
0.4,0.5,89369441,93195299,867,841.8141653862971,93195299
0.4,0.5,93195300,97184707,869,843.7560665754482,97184707
0.4,0.5,97184708,101344647,871,845.6979677645895,101344647
0.4,0.5,101344648,105682398,873,847.6398689537214,105682398
0.4,0.5,105682399,110205552,875,849.5817701428439,110205552
0.4,0.5,110205553,114922023,877,851.5236713319578,114922023
0.4,0.5,114922024,119840062,879,853.4655725210632,119840062
0.4,0.5,119840063,124968274,881,855.4074737101607,124968274
0.4,0.5,124968275,130315629,883,857.3493748992505,130315629
0.4,0.5,130315630,135891479,885,859.2912760883328,135891479
0.4,0.5,135891480,141705577,887,861.2331772774079,141705577
0.4,0.5,141705578,147768090,889,863.1750784664764,147768090
0.4,0.5,147768091,154089618,891,865.1169796555382,154089618
0.4,0.5,154089619,160681214,893,867.0588808445939,160681214
0.4,0.5,160681215,167554402,895,869.0007820336435,167554402
0.4,0.5,167554403,174721198,897,870.9426832226875,174721198
0.4,0.5,174721199,182194127,899,872.8845844117259,182194127
0.4,0.5,182194128,189986251,901,874.8264856007588,189986251
0.4,0.5,189986252,198111187,903,876.7683867897869,198111187
0.4,0.5,198111188,206583134,905,878.71028797881,206583134
0.4,0.5,206583135,215416893,907,880.6521891678285,215416893
0.4,0.5,215416894,224627900,909,882.5940903568426,224627900
0.4,0.5,224627901,234232244,911,884.5359915458523,234232244
0.4,0.5,234232245,244246704,913,886.4778927348577,244246704
0.4,0.5,244246705,254688770,915,888.4197939238594,254688770
0.4,0.5,254688771,265576681,917,890.3616951128573,265576681
0.4,0.5,265576682,276929449,919,892.3035963018516,276929449
0.4,0.5,276929450,288766898,921,894.2454974908424,288766898
0.4,0.5,288766899,301109698,923,896.1873986798298,301109698
0.4,0.5,301109699,313979398,925,898.129299868814,313979398
0.4,0.5,313979399,327398463,927,900.0712010577951,327398463
0.4,0.5,327398464,341390319,929,902.0131022467733,341390319
0.4,0.5,341390320,355979386,931,903.9550034357487,355979386
0.4,0.5,355979387,371191126,933,905.8969046247214,371191126
0.4,0.5,371191127,387052087,935,907.8388058136916,387052087
0.4,0.5,387052088,403589943,937,909.780707002659,403589943
0.4,0.5,403589944,420833551,939,911.7226081916242,420833551
0.4,0.5,420833552,438812996,941,913.6645093805872,438812996
0.4,0.5,438812997,457559642,943,915.606410569548,457559642
0.4,0.5,457559643,477106190,945,917.5483117585065,477106190
0.4,0.5,477106191,497486734,947,919.4902129474632,497486734
0.4,0.5,497486735,518736819,949,921.4321141364179,518736819
0.4,0.5,518736820,540893503,951,923.3740153253706,540893503
0.4,0.5,540893504,563995423,953,925.3159165143217,563995423
0.4,0.5,563995424,588082861,955,927.257817703271,588082861
0.4,0.5,588082862,613197811,957,929.1997188922187,613197811
0.4,0.5,613197812,639384058,959,931.1416200811649,639384058
0.4,0.5,639384059,666687251,961,933.0835212701095,666687251
0.4,0.5,666687252,695154979,963,935.0254224590525,695154979
0.4,0.5,695154980,724836860,965,936.9673236479944,724836860
0.4,0.5,724836861,755784622,967,938.9092248369348,755784622
0.4,0.5,755784623,788052196,969,940.851126025874,788052196
0.4,0.5,788052197,821695807,971,942.793027214812,821695807
0.4,0.5,821695808,856774075,973,944.7349284037488,856774075
0.4,0.5,856774076,893348113,975,946.6768295926844,893348113
0.4,0.5,893348114,931481635,977,948.618730781619,931481635
0.4,0.5,931481636,971241068,979,950.5606319705525,971241068
0.4,0.5,971241069,1012695663,981,952.5025331594851,1012695663
0.4,0.5,1012695664,1055917620,983,954.4444343484167,1055917620
0.4,0.5,1055917621,1100982211,985,956.3863355373475,1100982211
0.4,0.5,1100982212,1147967911,987,958.3282367262772,1147967911
0.4,0.5,1147967912,1196956531,989,960.2701379152062,1196956531
0.4,0.5,1196956532,1248033368,991,962.2120391041344,1248033368
0.4,0.5,1248033369,1301287344,993,964.1539402930619,1301287344
0.4,0.5,1301287345,1356811164,995,966.0958414819885,1356811164
0.4,0.5,1356811165,1414701480,997,968.0377426709144,1414701480
0.4,0.5,1414701481,1475059053,999,969.9796438598398,1475059053
0.4,0.5,1475059054,1537988932,1001,971.9215450487643,1537988932
0.4,0.5,1537988933,1603600632,1003,973.8634462376883,1603600632
0.4,0.5,1603600633,1672008330,1005,975.8053474266118,1672008330
0.4,0.5,1672008331,1743331056,1007,977.7472486155347,1743331056
0.4,0.5,1743331057,1817692905,1009,979.6891498044569,1817692905
0.4,0.5,1817692906,1895223250,1011,981.6310509933787,1895223250
0.4,0.5,1895223251,1976056965,1013,983.5729521822998,1976056965
0.4,0.5,1976056966,2060334662,1015,985.5148533712206,2060334662
0.4,0.5,2060334663,2148202930,1017,987.4567545601409,2148202930
0.4,0.5,2148202931,2239814596,1019,989.3986557490607,2239814596
0.4,0.5,2239814597,2335328981,1021,991.3405569379802,2335328981
0.4,0.5,2335328982,2434912187,1023,993.2824581268992,2434912187
0.4,0.5,2434912188,2538737372,1025,995.2243593158177,2538737372
0.4,0.5,2538737373,2646985064,1027,997.166260504736,2646985064
0.4,0.5,2646985065,2759843461,1029,999.1081616936539,2759843461
0.4,0.5,2759843462,2877508766,1031,1001.0500628825713,2877508766
0.4,0.5,2877508767,3000185523,1033,1002.9919640714885,3000185523
0.4,0.5,3000185524,3128086973,1035,1004.9338652604055,3128086973
0.4,0.5,3128086974,3261435422,1037,1006.8757664493219,3261435422
0.4,0.5,3261435423,3400462626,1039,1008.8176676382382,3400462626
0.4,0.5,3400462627,3545410196,1041,1010.7595688271541,3545410196
0.4,0.5,3545410197,3696530010,1043,1012.7014700160698,3696530010
0.4,0.5,3696530011,3854084656,1045,1014.6433712049853,3854084656
0.4,0.5,3854084657,4018347883,1047,1016.5852723939005,4018347883
0.4,0.5,4018347884,4189605075,1049,1018.5271735828154,4189605075
0.4,0.5,4189605076,4368153747,1051,1020.4690747717301,4368153747
0.4,0.5,4368153748,4554304059,1053,1022.4109759606447,4554304059
0.4,0.5,4554304060,4748379354,1055,1024.352877149559,4748379354
0.4,0.5,4748379355,4950716715,1057,1026.294778338473,4950716715
0.4,0.5,4950716716,5161667554,1059,1028.236679527387,5161667554
0.4,0.5,5161667555,5381598215,1061,1030.1785807163005,5381598215
0.4,0.5,5381598216,5610890611,1063,1032.1204819052143,5610890611
0.4,0.5,5610890612,5849942883,1065,1034.0623830941274,5849942883
0.4,0.5,5849942884,6099170093,1067,1036.0042842830408,6099170093
0.4,0.5,6099170094,6359004939,1069,1037.9461854719539,6359004939
0.4,0.5,6359004940,6629898503,1071,1039.8880866608665,6629898503
0.4,0.5,6629898504,6912321036,1073,1041.8299878497794,6912321036
0.4,0.5,6912321037,7206762768,1075,1043.771889038692,7206762768
0.4,0.5,7206762769,7513734758,1077,1045.7137902276045,7513734758
0.4,0.5,7513734759,7833769777,1079,1047.655691416517,7833769777
0.4,0.5,7833769778,8167423232,1081,1049.5975926054289,8167423232
0.4,0.5,8167423233,8515274125,1083,1051.539493794341,8515274125
0.4,0.5,8515274126,8877926054,1085,1053.481394983253,8877926054
0.4,0.5,8877926055,9256008259,1087,1055.423296172165,9256008259
0.4,0.5,9256008260,9650176711,1089,1057.3651973610768,9650176711
0.4,0.5,9650176712,10061115245,1091,1059.3070985499885,10061115245
0.4,0.5,10061115246,10489536743,1093,1061.2489997389,10489536743
0.4,0.5,10489536744,10936184366,1095,1063.1909009278115,10936184366
0.4,0.5,10936184367,11401832842,1097,1065.132802116723,11401832842
0.4,0.5,11401832843,11887289805,1099,1067.074703305634,11887289805
0.4,0.5,11887289806,12393397189,1101,1069.0166044945456,12393397189
0.4,0.5,12393397190,12921032686,1103,1070.9585056834567,12921032686
0.4,0.5,12921032687,13471111264,1105,1072.9004068723677,13471111264
0.4,0.5,13471111265,14044586748,1107,1074.8423080612788,14044586748
0.4,0.5,14044586749,14642453468,1109,1076.7842092501896,14642453468
0.4,0.5,14642453469,15265747980,1111,1078.7261104391007,15265747980
0.4,0.5,15265747981,15915550857,1113,1080.6680116280113,15915550857
0.4,0.5,15915550858,16592988557,1115,1082.6099128169221,16592988557
0.4,0.5,16592988558,17299235369,1117,1084.5518140058327,17299235369
0.4,0.5,17299235370,18035515444,1119,1086.4937151947433,18035515444
0.4,0.5,18035515445,18803104911,1121,1088.4356163836542,18803104911
0.4,0.5,18803104912,19603334080,1123,1090.3775175725646,19603334080
0.4,0.5,19603334081,20437589744,1125,1092.3194187614752,20437589744
0.4,0.5,20437589745,21307317572,1127,1094.2613199503855,21307317572
0.4,0.5,21307317573,22214024611,1129,1096.203221139296,22214024611
0.4,0.5,22214024612,23159281887,1131,1098.1451223282063,23159281887
0.4,0.5,23159281888,24144727120,1133,1100.0870235171164,24144727120
0.4,0.5,24144727121,25172067552,1135,1102.0289247060268,25172067552
0.4,0.5,25172067553,26243082901,1137,1103.970825894937,26243082901
0.4,0.5,26243082902,27359628431,1139,1105.9127270838474,27359628431
0.4,0.5,27359628432,28523638156,1141,1107.8546282727575,28523638156
0.4,0.5,28523638157,29737128185,1143,1109.7965294616674,29737128185
0.4,0.5,29737128186,31002200202,1145,1111.7384306505776,31002200202
0.4,0.5,31002200203,32321045095,1147,1113.6803318394877,32321045095
0.4,0.5,32321045096,33695946738,1149,1115.6222330283979,33695946738
0.4,0.5,33695946739,35129285941,1151,1117.5641342173078,35129285941
0.4,0.5,35129285942,36623544557,1153,1119.5060354062177,36623544557
0.4,0.5,36623544558,38181309767,1155,1121.4479365951277,38181309767
0.4,0.5,38181309768,39805278548,1157,1123.3898377840376,39805278548
0.4,0.5,39805278549,41498262332,1159,1125.3317389729475,41498262332
0.4,0.5,41498262333,43263191856,1161,1127.2736401618574,43263191856
0.4,0.5,43263191857,45103122225,1163,1129.2155413507674,45103122225
0.4,0.5,45103122226,47021238184,1165,1131.157442539677,47021238184
0.4,0.5,47021238185,49020859615,1167,1133.099343728587,49020859615
0.4,0.5,49020859616,51105447271,1169,1135.0412449174967,51105447271
0.4,0.5,51105447272,53278608744,1171,1136.9831461064064,53278608744
0.4,0.5,53278608745,55544104698,1173,1138.9250472953163,55544104698
0.4,0.5,55544104699,57905855353,1175,1140.866948484226,57905855353
0.4,0.5,57905855354,60367947257,1177,1142.808849673136,60367947257
0.4,0.5,60367947258,62934640332,1179,1144.7507508620454,62934640332
0.4,0.5,62934640333,65610375229,1181,1146.692652050955,65610375229
0.4,0.5,65610375230,68399780989,1183,1148.6345532398648,68399780989
0.4,0.5,68399780990,71307683032,1185,1150.5764544287745,71307683032
0.4,0.5,71307683033,74339111480,1187,1152.5183556176842,74339111480
0.4,0.5,74339111481,77499309835,1189,1154.4602568065939,77499309835
0.4,0.5,77499309836,80793744030,1191,1156.4021579955036,80793744030
0.4,0.5,80793744031,84228111852,1193,1158.344059184413,84228111852
0.4,0.5,84228111853,87808352776,1195,1160.2859603733225,87808352776
0.4,0.5,87808352777,91540658207,1197,1162.2278615622322,91540658207
0.4,0.5,91540658208,95431482161,1199,1164.1697627511417,95431482161
0.4,0.5,95431482162,99487552396,1201,1166.1116639400514,99487552396
0.4,0.5,99487552397,103715882016,1203,1168.0535651289608,103715882016
0.4,0.5,103715882017,108123781566,1205,1169.9954663178705,108123781566
0.4,0.5,108123781567,112718871639,1207,1171.93736750678,112718871639
0.4,0.5,112718871640,117509096015,1209,1173.8792686956895,117509096015
0.4,0.5,117509096016,122502735364,1211,1175.8211698845992,122502735364
0.4,0.5,122502735365,127708421522,1213,1177.7630710735086,127708421522
0.4,0.5,127708421523,133135152370,1215,1179.7049722624183,133135152370
0.4,0.5,133135152371,138792307357,1217,1181.6468734513276,138792307357
0.4,0.5,138792307358,144689663659,1219,1183.588774640237,144689663659
0.4,0.5,144689663660,150837413044,1221,1185.5306758291467,150837413044
0.4,0.5,150837413045,157246179437,1223,1187.472577018056,157246179437
0.4,0.5,157246179438,163927037235,1225,1189.4144782069657,163927037235
0.4,0.5,163927037236,170891530395,1227,1191.3563793958751,170891530395
0.4,0.5,170891530396,178151692333,1229,1193.2982805847846,178151692333
0.4,0.5,178151692334,185720066663,1231,1195.240181773694,185720066663
0.4,0.5,185720066664,193609728819,1233,1197.1820829626033,193609728819
0.4,0.5,193609728820,201834308584,1235,1199.123984151513,201834308584
0.4,0.5,201834308585,210408013584,1237,1201.0658853404223,210408013584
0.4,0.5,210408013585,219345653768,1239,1203.007786529332,219345653768
0.4,0.5,219345653769,228662666931,1241,1204.9496877182412,228662666931
0.4,0.5,228662666932,238375145311,1243,1206.8915889071507,238375145311
0.4,0.5,238375145312,248499863318,1245,1208.8334900960601,248499863318
0.4,0.5,248499863319,259054306439,1247,1210.7753912849696,259054306439
0.4,0.5,259054306440,270056701356,1249,1212.717292473879,270056701356
0.4,0.5,270056701357,281526047352,1251,1214.6591936627883,281526047352
0.4,0.5,281526047353,293482149041,1253,1216.601094851698,293482149041
0.4,0.5,293482149042,305945650481,1255,1218.5429960406072,305945650481
0.4,0.5,305945650482,318938070737,1257,1220.4848972295165,318938070737
0.4,0.5,318938070738,332481840949,1259,1222.4267984184262,332481840949
0.4,0.5,332481840950,346600342961,1261,1224.3686996073354,346600342961
0.4,0.5,346600342962,361317949599,1263,1226.310600796245,361317949599
0.4,0.5,361317949600,376660066645,1265,1228.2525019851544,376660066645
0.4,0.5,376660066646,392653176588,1267,1230.1944031740638,392653176588
0.4,0.5,392653176589,409324884233,1269,1232.136304362973,409324884233
0.4,0.5,409324884234,426703964236,1271,1234.0782055518823,426703964236
0.4,0.5,426703964237,444820410651,1273,1236.020106740792,444820410651
0.4,0.5,444820410652,463705488577,1275,1237.9620079297013,463705488577
0.4,0.5,463705488578,483391787992,1277,1239.9039091186107,483391787992
0.4,0.5,483391787993,503913279863,1279,1241.84581030752,503913279863
0.4,0.5,503913279864,525305374630,1281,1243.7877114964292,525305374630
0.4,0.5,525305374631,547604983173,1283,1245.729612685339,547604983173
0.4,0.5,547604983174,570850580350,1285,1247.6715138742481,570850580350
0.4,0.5,570850580351,595082271229,1287,1249.6134150631576,595082271229
0.4,0.5,595082271230,620341860126,1289,1251.5553162520669,620341860126
0.4,0.5,620341860127,646672922562,1291,1253.4972174409763,646672922562
0.4,0.5,646672922563,674120880262,1293,1255.4391186298856,674120880262
0.4,0.5,674120880263,702733079337,1295,1257.381019818795,702733079337
0.4,0.5,702733079338,732558871766,1297,1259.3229210077045,732558871766
0.4,0.5,732558871767,763649700334,1299,1261.2648221966137,763649700334
0.4,0.5,763649700335,796059187160,1301,1263.2067233855232,796059187160
0.4,0.5,796059187161,829843225969,1303,1265.1486245744325,829843225969
0.4,0.5,829843225970,865060078280,1305,1267.0905257633417,865060078280
0.4,0.5,865060078281,901770473652,1307,1269.0324269522512,901770473652
0.4,0.5,901770473653,940037714177,1309,1270.9743281411604,940037714177
0.4,0.5,940037714178,979927783400,1311,1272.91622933007,979927783400
0.4,0.5,979927783401,1000000000000,1313,1274.8581305189794,1021509459840
