epsilon,N,minimal_distance,posterior_entropy_bits,exact_heat_units,Fano_lower_bound_units,leading_asymptotic_units
0.05,10,3,0.04258488923204086,0.8166059821158279,0.7972377662448725,0.7941723036518766
0.05,11,3,0.04258488923204086,0.8166059821158279,0.7972377662448725,0.827045227778321
0.05,13,3,0.04258488923204086,0.8166059821158279,0.7972377662448725,0.8846629582392145
0.05,14,3,0.04258488923204086,0.8166059821158279,0.7972377662448725,0.9102231423745865
0.05,16,3,0.04258488923204086,0.8166059821158279,0.7972377662448725,0.9562787404991134
0.05,18,5,0.006890083749177026,1.4250947018306042,1.419018588768863,0.9969026570887545
0.05,20,5,0.006890083749177026,1.4250947018306042,1.419018588768863,1.0332419887766549
0.05,22,5,0.006890083749177026,1.4250947018306042,1.419018588768863,1.0661149129030993
0.05,25,5,0.006890083749177026,1.4250947018306042,1.419018588768863,1.1102052370541964
0.05,28,5,0.006890083749177026,1.4250947018306042,1.419018588768863,1.1492928274993648
0.05,32,5,0.006890083749177026,1.4250947018306042,1.419018588768863,1.1953484256238918
0.05,36,5,0.006890083749177026,1.4250947018306042,1.419018588768863,1.235972342213533
0.05,40,5,0.006890083749177026,1.4250947018306042,1.419018588768863,1.2723116739014333
0.05,45,5,0.006890083749177026,1.4250947018306042,1.419018588768863,1.3129355904910744
0.05,50,5,0.006890083749177026,1.4250947018306042,1.419018588768863,1.3492749221789748
0.05,57,5,0.006890083749177026,1.4250947018306042,1.419018588768863,1.3944671790538288
0.05,64,5,0.006890083749177026,1.4250947018306042,1.419018588768863,1.43441811074867
0.05,71,5,0.006890083749177026,1.4250947018306042,1.419018588768863,1.470218107456997
0.05,80,5,0.006890083749177026,1.4250947018306042,1.419018588768863,1.5113813590262115
0.05,90,5,0.006890083749177026,1.4250947018306042,1.419018588768863,1.5520052756158529
0.05,101,5,0.006890083749177026,1.4250947018306042,1.419018588768863,1.5917765226756553
0.05,113,7,0.0011606829081615502,2.0036180169035323,2.0021117058746443,1.6304980370392366
0.05,127,7,0.0011606829081615502,2.0036180169035323,2.0021117058746443,1.6707826475029819
0.05,143,7,0.0011606829081615502,2.0036180169035323,2.0021117058746443,1.7117081860175354
0.05,161,7,0.0011606829081615502,2.0036180169035323,2.0021117058746443,1.7525999897267848
0.05,180,7,0.0011606829081615502,2.0036180169035323,2.0021117058746443,1.791074960740631
0.05,202,7,0.0011606829081615502,2.0036180169035323,2.0021117058746443,1.8308462078004337
0.05,227,7,0.0011606829081615502,2.0036180169035323,2.0021117058746443,1.8710904824704495
0.05,255,7,0.0011606829081615502,2.0036180169035323,2.0021117058746443,1.9112075589260369
0.05,286,7,0.0011606829081615502,2.0036180169035323,2.0021117058746443,1.9507778711423138
0.05,321,7,0.0011606829081615502,2.0036180169035323,2.0021117058746443,1.9905968756999988
0.05,361,7,0.0011606829081615502,2.0036180169035323,2.0021117058746443,2.031101386143681
0.05,405,7,0.0011606829081615502,2.0036180169035323,2.0021117058746443,2.0707685624550507
0.05,455,7,0.0011606829081615502,2.0036180169035323,2.0021117058746443,2.1109190340161206
0.05,510,7,0.0011606829081615502,2.0036180169035323,2.0021117058746443,2.150277244050815
0.05,573,7,0.0011606829081615502,2.0036180169035323,2.0021117058746443,2.190450009955913
0.05,643,9,0.00020025224782866923,2.5773723617957773,2.577030422188636,2.230203377507707
0.05,722,9,0.00020025224782866923,2.5773723617957773,2.577030422188636,2.2701710712684595
0.05,810,9,0.00020025224782866923,2.5773723617957773,2.577030422188636,2.309838247579829
0.05,910,9,0.00020025224782866923,2.5773723617957773,2.577030422188636,2.349988719140899
0.05,1021,9,0.00020025224782866923,2.5773723617957773,2.577030422188636,2.389684905340959
0.05,1146,9,0.00020025224782866923,2.5773723617957773,2.577030422188636,2.429519695080691
0.05,1287,9,0.00020025224782866923,2.5773723617957773,2.577030422188636,2.469541157981512
0.05,1445,9,0.00020025224782866923,2.5773723617957773,2.577030422188636,2.5094795273609996
0.05,1622,9,0.00020025224782866923,2.5773723617957773,2.577030422188636,2.549333478285002
0.05,1821,9,0.00020025224782866923,2.5773723617957773,2.577030422188636,2.5892478602710765
0.05,2044,9,0.00020025224782866923,2.5773723617957773,2.577030422188636,2.629092235768431
0.05,2295,9,0.00020025224782866923,2.5773723617957773,2.577030422188636,2.669040530890013
0.05,2576,9,0.00020025224782866923,2.5773723617957773,2.577030422188636,2.708878730225898
0.05,2892,9,0.00020025224782866923,2.5773723617957773,2.577030422188636,2.7487878182712584
0.05,3247,9,0.00020025224782866923,2.5773723617957773,2.577030422188636,2.788721978390875
0.05,3645,9,0.00020025224782866923,2.5773723617957773,2.577030422188636,2.8286015344190267
0.05,4091,11,3.5102174132756896e-05,3.150331426101386,3.1502572432799156,2.868414938130982
0.05,4593,11,3.5102174132756896e-05,3.150331426101386,3.1502572432799156,2.908335570252901
0.05,5156,11,3.5102174132756896e-05,3.150331426101386,3.1502572432799156,2.9482160945640787
0.05,5788,11,3.5102174132756896e-05,3.150331426101386,3.1502572432799156,2.988095944227625
0.05,6498,11,3.5102174132756896e-05,3.150331426101386,3.1502572432799156,3.028004043232436
0.05,7295,11,3.5102174132756896e-05,3.150331426101386,3.1502572432799156,3.0679076985720313
0.05,8189,11,3.5102174132756896e-05,3.150331426101386,3.1502572432799156,3.1077795756338964
0.05,9193,11,3.5102174132756896e-05,3.150331426101386,3.1502572432799156,3.147667982692641
0.05,10320,11,3.5102174132756896e-05,3.150331426101386,3.1502572432799156,3.187553251318513
0.05,11586,11,3.5102174132756896e-05,3.150331426101386,3.1502572432799156,3.2274634487726495
0.05,13006,11,3.5102174132756896e-05,3.150331426101386,3.1502572432799156,3.2673390192318865
0.05,14601,11,3.5102174132756896e-05,3.150331426101386,3.1502572432799156,3.3072373234947134
0.05,16391,11,3.5102174132756896e-05,3.150331426101386,3.1502572432799156,3.347122919440615
0.05,18401,11,3.5102174132756896e-05,3.150331426101386,3.1502572432799156,3.387018939463602
0.05,20657,11,3.5102174132756896e-05,3.150331426101386,3.1502572432799156,3.4269068979594723
0.05,23190,13,6.223211430192854e-06,3.723154219296001,3.723138559560775,3.466800951679092
0.05,26033,13,6.223211430192854e-06,3.723154219296001,3.723138559560775,3.506687040336119
0.05,29225,13,6.223211430192854e-06,3.723154219296001,3.723138559560775,3.5465785545602504
0.05,32808,13,6.223211430192854e-06,3.723154219296001,3.723138559560775,3.5864660462896736
0.05,36831,13,6.223211430192854e-06,3.723154219296001,3.723138559560775,3.6263603026496494
0.05,41346,13,6.223211430192854e-06,3.723154219296001,3.723138559560775,3.6662436275876225
0.05,46416,13,6.223211430192854e-06,3.723154219296001,3.723138559560775,3.706138246786898
0.05,52107,13,6.223211430192854e-06,3.723154219296001,3.723138559560775,3.7460282179079916
0.05,58496,13,6.223211430192854e-06,3.723154219296001,3.723138559560775,3.785919572003867
0.05,65668,13,6.223211430192854e-06,3.723154219296001,3.723138559560775,3.8258089565248095
0.05,73719,13,6.223211430192854e-06,3.723154219296001,3.723138559560775,3.865696773397841
0.05,82758,13,6.223211430192854e-06,3.723154219296001,3.723138559560775,3.9055884859738312
0.05,92904,13,6.223211430192854e-06,3.723154219296001,3.723138559560775,3.9454753344182794
0.05,104295,13,6.223211430192854e-06,3.723154219296001,3.723138559560775,3.9853658749475267
0.05,117083,13,6.223211430192854e-06,3.723154219296001,3.723138559560775,4.025257430360767
0.05,131438,15,1.1127394473127792e-06,4.295953243999897,4.29594999783853,4.065146402356361
0.05,147554,15,1.1127394473127792e-06,4.295953243999897,4.29594999783853,4.105037712938768
0.05,165645,15,1.1127394473127792e-06,4.295953243999897,4.29594999783853,4.144926878476541
0.05,185954,15,1.1127394473127792e-06,4.295953243999897,4.29594999783853,4.184815924484207
0.05,208754,15,1.1127394473127792e-06,4.295953243999897,4.29594999783853,4.22470662837746
0.05,234349,15,1.1127394473127792e-06,4.295953243999897,4.29594999783853,4.264596552126872
0.05,263082,15,1.1127394473127792e-06,4.295953243999897,4.29594999783853,4.304486262519296
0.05,295338,15,1.1127394473127792e-06,4.295953243999897,4.29594999783853,4.344376103663444
0.05,331549,15,1.1127394473127792e-06,4.295953243999897,4.29594999783853,4.384266102082543
0.05,372200,15,1.1127394473127792e-06,4.295953243999897,4.29594999783853,4.424156301935161
0.05,417835,15,1.1127394473127792e-06,4.295953243999897,4.29594999783853,4.464046343480427
0.05,469065,15,1.1127394473127792e-06,4.295953243999897,4.29594999783853,4.503936198878848
0.05,526576,15,1.1127394473127792e-06,4.295953243999897,4.29594999783853,4.543825911210971
0.05,591139,15,1.1127394473127792e-06,4.295953243999897,4.29594999783853,4.583716035587813
0.05,663617,15,1.1127394473127792e-06,4.295953243999897,4.29594999783853,4.623605634947104
0.05,744983,17,2.0028787494915965e-07,4.868748070683381,4.86874740641057,4.6634960041351015
0.05,836324,17,2.0028787494915965e-07,4.868748070683381,4.86874740641057,4.703385847339067
0.05,938864,17,2.0028787494915965e-07,4.868748070683381,4.86874740641057,4.743275634493383
0.05,1053977,17,2.0028787494915965e-07,4.868748070683381,4.86874740641057,4.78316567600348
0.05,1183203,17,2.0028787494915965e-07,4.868748070683381,4.86874740641057,4.823055464427913
0.05,1328274,17,2.0028787494915965e-07,4.868748070683381,4.86874740641057,4.862945476180214
0.05,1491132,17,2.0028787494915965e-07,4.868748070683381,4.86874740641057,4.902835495110895
0.05,1673957,17,2.0028787494915965e-07,4.868748070683381,4.86874740641057,4.9427253463252185
0.05,1879198,17,2.0028787494915965e-07,4.868748070683381,4.86874740641057,4.982615226377109
0.05,2109604,17,2.0028787494915965e-07,4.868748070683381,4.86874740641057,5.022505229473943
0.05,2368259,17,2.0028787494915965e-07,4.868748070683381,4.86874740641057,5.062395119380554
0.05,2658628,17,2.0028787494915965e-07,4.868748070683381,4.86874740641057,5.102285105971686
0.05,2984598,17,2.0028787494915965e-07,4.868748070683381,4.86874740641057,5.142175006315844
0.05,3350535,17,2.0028787494915965e-07,4.868748070683381,4.86874740641057,5.182064943225566
0.05,3761339,17,2.0028787494915965e-07,4.868748070683381,4.86874740641057,5.221954882301203
0.05,4222511,19,3.6243200818915305e-08,5.441542148959968,5.441542014329896,5.261844816999949
0.05,4740226,19,3.6243200818915305e-08,5.441542148959968,5.441542014329896,5.3017347087054105
0.05,5321418,19,3.6243200818915305e-08,5.441542148959968,5.441542014329896,5.341624654281109
0.05,5973869,19,3.6243200818915305e-08,5.441542148959968,5.441542014329896,5.38151459527314
0.05,6706316,19,3.6243200818915305e-08,5.441542148959968,5.441542014329896,5.4214045347857684
0.05,7528567,19,3.6243200818915305e-08,5.441542148959968,5.441542014329896,5.461294464511907
0.05,8451633,19,3.6243200818915305e-08,5.441542148959968,5.441542014329896,5.50118439752733
0.05,9487875,19,3.6243200818915305e-08,5.441542148959968,5.441542014329896,5.54107434144775
0.05,10651169,19,3.6243200818915305e-08,5.441542148959968,5.441542014329896,5.58096428304384
0.05,11957092,19,3.6243200818915305e-08,5.441542148959968,5.441542014329896,5.62085420394499
0.05,13423133,19,3.6243200818915305e-08,5.441542148959968,5.441542014329896,5.660744146548051
0.05,15068922,19,3.6243200818915305e-08,5.441542148959968,5.441542014329896,5.700634064570903
0.05,16916500,19,3.6243200818915305e-08,5.441542148959968,5.441542014329896,5.7405240116847285
0.05,18990606,19,3.6243200818915305e-08,5.441542148959968,5.441542014329896,5.7804139446931595
0.05,21319014,21,6.587080953042026e-09,6.0143360928480005,6.014336065764401,5.82030386247994
0.05,23932906,21,6.587080953042026e-09,6.0143360928480005,6.014336065764401,5.860193803297408
0.05,26867283,21,6.587080953042026e-09,6.0143360928480005,6.014336065764401,5.900083739787866
0.05,30161439,21,6.587080953042026e-09,6.0143360928480005,6.014336065764401,5.939973670835945
0.05,33859486,21,6.587080953042026e-09,6.0143360928480005,6.014336065764401,5.979863598110036
0.05,38010946,21,6.587080953042026e-09,6.0143360928480005,6.014336065764401,6.0197535364933445
0.05,42671409,21,6.587080953042026e-09,6.0143360928480005,6.014336065764401,6.059643465285246
0.05,47903285,21,6.587080953042026e-09,6.0143360928480005,6.014336065764401,6.099533400387158
0.05,53776633,21,6.587080953042026e-09,6.0143360928480005,6.014336065764401,6.139423333624508
0.05,60370103,21,6.587080953042026e-09,6.0143360928480005,6.014336065764401,6.179313265987847
0.05,67771988,21,6.587080953042026e-09,6.0143360928480005,6.014336065764401,6.219203197416733
0.05,76081408,21,6.587080953042026e-09,6.0143360928480005,6.014336065764401,6.259093134843502
0.05,85409632,21,6.587080953042026e-09,6.0143360928480005,6.014336065764401,6.2989830670104
0.05,95881575,21,6.587080953042026e-09,6.0143360928480005,6.014336065764401,6.338872998651638
0.05,107637467,21,6.587080953042026e-09,6.0143360928480005,6.014336065764401,6.378762931095798
0.05,120834731,23,1.2015488714521885e-09,6.587130012465445,6.587130007049165,6.41865286415932
0.05,135650092,23,1.2015488714521885e-09,6.587130012465445,6.587130007049165,6.458542799239083
0.05,152281940,23,1.2015488714521885e-09,6.587130012465445,6.587130007049165,6.498432730503529
0.05,170952994,23,1.2015488714521885e-09,6.587130012465445,6.587130007049165,6.5383226634577385
0.05,191913278,23,1.2015488714521885e-09,6.587130012465445,6.587130007049165,6.578212597922985
0.05,215443469,23,1.2015488714521885e-09,6.587130012465445,6.587130007049165,6.6181025304272
0.05,241858661,23,1.2015488714521885e-09,6.587130012465445,6.587130007049165,6.657992463752118
0.05,271512579,23,1.2015488714521885e-09,6.587130012465445,6.587130007049165,6.697882397054533
0.05,304802318,23,1.2015488714521885e-09,6.587130012465445,6.587130007049165,6.737772330104044
0.05,342173660,23,1.2015488714521885e-09,6.587130012465445,6.587130007049165,6.777662262538385
0.05,384127045,23,1.2015488714521885e-09,6.587130012465445,6.587130007049165,6.817552195340055
0.05,431224271,23,1.2015488714521885e-09,6.587130012465445,6.587130007049165,6.857442129049767
0.05,484096014,23,1.2015488714521885e-09,6.587130012465445,6.587130007049165,6.897332061747914
0.05,543450281,23,1.2015488714521885e-09,6.587130012465445,6.587130007049165,6.937221995149974
0.05,610081882,23,1.2015488714521885e-09,6.587130012465445,6.587130007049165,6.977111927817283
0.05,684883082,25,2.1985229627497725e-10,7.159923927679054,7.1599239266010875,7.01700186105948
0.05,768855541,25,2.1985229627497725e-10,7.159923927679054,7.1599239266010875,7.056891793882254
0.05,863123735,25,2.1985229627497725e-10,7.159923927679054,7.1599239266010875,7.096781727199652
0.05,968950006,25,2.1985229627497725e-10,7.159923927679054,7.1599239266010875,7.136671660121087
0.05,1087751474,25,2.1985229627497725e-10,7.159923927679054,7.1599239266010875,7.1765615933596445
0.05,1221119006,25,2.1985229627497725e-10,7.159923927679054,7.1599239266010875,7.216451526307062
0.05,1370838526,25,2.1985229627497725e-10,7.159923927679054,7.1599239266010875,7.256341459360431
0.05,1538914926,25,2.1985229627497725e-10,7.159923927679054,7.1599239266010875,7.29623139248535
0.05,1727598914,25,2.1985229627497725e-10,7.159923927679054,7.1599239266010875,7.336121325511434
0.05,1939417155,25,2.1985229627497725e-10,7.159923927679054,7.1599239266010875,7.376011258527809
0.05,2177206105,25,2.1985229627497725e-10,7.159923927679054,7.1599239266010875,7.415901191676585
0.05,2444149991,25,2.1985229627497725e-10,7.159923927679054,7.1599239266010875,7.455791124700881
0.05,2743823456,25,2.1985229627497725e-10,7.159923927679054,7.1599239266010875,7.495681057779455
0.05,3080239422,25,2.1985229627497725e-10,7.159923927679054,7.1599239266010875,7.535570990760143
0.05,3457902833,25,2.1985229627497725e-10,7.159923927679054,7.1599239266010875,7.575460923919371
0.05,3881870971,27,4.033407725684849e-11,7.7327178420904845,7.732717841876799,7.615350856891744
0.05,4357821191,27,4.033407725684849e-11,7.7327178420904845,7.732717841876799,7.655240790014582
0.05,4892126933,27,4.033407725684849e-11,7.7327178420904845,7.732717841876799,7.695130723045365
0.05,5491943079,27,4.033407725684849e-11,7.7327178420904845,7.732717841876799,7.735020656088366
0.05,6165301759,27,4.033407725684849e-11,7.7327178420904845,7.732717841876799,7.774910589157673
0.05,6921219910,27,4.033407725684849e-11,7.7327178420904845,7.732717841876799,7.814800522258128
0.05,7769820020,27,4.033407725684849e-11,7.7327178420904845,7.732717841876799,7.854690455314226
0.05,8722465682,27,4.033407725684849e-11,7.7327178420904845,7.732717841876799,7.89458038836665
0.05,9791913761,27,4.033407725684849e-11,7.7327178420904845,7.732717841876799,7.934470321422084
0.05,10992485221,27,4.033407725684849e-11,7.7327178420904845,7.732717841876799,7.974360254467458
0.05,12340256899,27,4.033407725684849e-11,7.7327178420904845,7.732717841876799,8.01425018754049
0.05,13853276785,27,4.033407725684849e-11,7.7327178420904845,7.732717841876799,8.054140120586837
0.05,15551805709,27,4.033407725684849e-11,7.7327178420904845,7.732717841876799,8.094030053652189
0.05,17458588648,27,4.033407725684849e-11,7.7327178420904845,7.732717841876799,8.133919986725694
0.05,19599159304,29,7.416737002362908e-12,8.305511756355315,8.305511756313098,8.173809919771447
0.05,22002182032,29,7.416737002362908e-12,8.305511756355315,8.305511756313098,8.213699852845515
0.05,24699835673,29,7.416737002362908e-12,8.305511756355315,8.305511756313098,8.253589785897129
0.05,27728244472,29,7.416737002362908e-12,8.305511756355315,8.305511756313098,8.293479718964312
0.05,31127961807,29,7.416737002362908e-12,8.305511756355315,8.305511756313098,8.333369652017732
0.05,34944513247,29,7.416737002362908e-12,8.305511756355315,8.305511756313098,8.373259585074642
0.05,39229006180,29,7.416737002362908e-12,8.305511756355315,8.305511756313098,8.413149518139418
0.05,44038814190,29,7.416737002362908e-12,8.305511756355315,8.305511756313098,8.453039451198403
0.05,49438345350,29,7.416737002362908e-12,8.305511756355315,8.305511756313098,8.49292938425788
0.05,55499904707,29,7.416737002362908e-12,8.305511756355315,8.305511756313098,8.532819317318545
0.05,62304662518,29,7.416737002362908e-12,8.305511756355315,8.305511756313098,8.572709250378539
0.05,69943741201,29,7.416737002362908e-12,8.305511756355315,8.305511756313098,8.612599183440727
0.05,78519435552,29,7.416737002362908e-12,8.305511756355315,8.305511756313098,8.652489116501416
0.05,88146582575,29,7.416737002362908e-12,8.305511756355315,8.305511756313098,8.692379049560634
0.05,98954099263,29,7.416737002362908e-12,8.305511756355315,8.305511756313098,8.73226898262145
0.05,111086708921,31,1.3665628952949206e-12,8.878305670593278,8.878305670584961,8.772158915680093
0.05,124706879158,31,1.3665628952949206e-12,8.878305670593278,8.878305670584961,8.812048848740991
0.05,139996997483,31,1.3665628952949206e-12,8.878305670593278,8.878305670584961,8.851938781799227
0.05,157161813661,31,1.3665628952949206e-12,8.878305670593278,8.878305670584961,8.891828714861324
0.05,176431181504,31,1.3665628952949206e-12,8.878305670593278,8.878305670584961,8.931718647919556
0.05,198063136853,31,1.3665628952949206e-12,8.878305670593278,8.878305670584961,8.97160858098119
0.05,222347352919,31,1.3665628952949206e-12,8.878305670593278,8.878305670584961,9.011498514040502
0.05,249609019304,31,1.3665628952949206e-12,8.878305670593278,8.878305670584961,9.051388447100265
0.05,280213196605,31,1.3665628952949206e-12,8.878305670593278,8.878305670584961,9.091278380161071
0.05,314569704934,31,1.3665628952949206e-12,8.878305670593278,8.878305670584961,9.131168313220702
0.05,353138611819,31,1.3665628952949206e-12,8.878305670593278,8.878305670584961,9.171058246280994
0.05,396436392957,31,1.3665628952949206e-12,8.878305670593278,8.878305670584961,9.210948179341655
0.05,445042848333,31,1.3665628952949206e-12,8.878305670593278,8.878305670584961,9.250838112401288
0.05,499608866319,31,1.3665628952949206e-12,8.878305670593278,8.878305670584961,9.290728045461776
0.05,560865139703,33,2.522437280279904e-13,9.451099584826304,9.45109958482467,9.330617978521646
0.05,629631950394,33,2.522437280279904e-13,9.451099584826304,9.45109958482467,9.370507911582065
0.05,706830153799,33,2.522437280279904e-13,9.451099584826304,9.45109958482467,9.410397844642327
0.05,793493509988,33,2.522437280279904e-13,9.451099584826304,9.45109958482467,9.450287777702039
0.05,890782526764,33,2.522437280279904e-13,9.451099584826304,9.45109958482467,9.490177710762293
0.05,1000000000000,33,2.522437280279904e-13,9.451099584826304,9.45109958482467,9.530067643822518
0.2,10,11,0.050640784497817656,7.890568259263168,7.84963890985861,7.449468558293833
0.2,11,13,0.030799790324928182,9.354265443210783,9.324867336563075,7.757822064923386
0.2,13,13,0.030799790324928182,9.354265443210783,9.324867336563075,8.29828597873021
0.2,14,13,0.030799790324928182,9.354265443210783,9.324867336563075,8.538044765564104
0.2,16,13,0.030799790324928182,9.354265443210783,9.324867336563075,8.970053951208625
0.2,18,15,0.018827498567780522,10.810093924742654,10.789400861110693,9.35111305885781
0.2,20,15,0.018827498567780522,10.810093924742654,10.789400861110693,9.691982046095989
0.2,22,15,0.018827498567780522,10.810093924742654,10.789400861110693,10.000335552725542
0.2,25,15,0.018827498567780522,10.810093924742654,10.789400861110693,10.41391014098335
0.2,28,15,0.018827498567780522,10.810093924742654,10.789400861110693,10.78055825336626
0.2,32,17,0.011556306766491274,12.261221306318667,12.246863787462999,11.212567439010781
0.2,36,17,0.011556306766491274,12.261221306318667,12.246863787462999,11.593626546659968
0.2,40,17,0.011556306766491274,12.261221306318667,12.246863787462999,11.934495533898145
0.2,45,17,0.011556306766491274,12.261221306318667,12.246863787462999,12.315554641547331
0.2,50,19,0.007117417129743642,13.70951638573014,13.69966107044246,12.656423628785507
0.2,57,19,0.007117417129743642,13.70951638573014,13.69966107044246,13.080334529630944
0.2,64,19,0.007117417129743642,13.70951638573014,13.69966107044246,13.455080926812938
0.2,71,19,0.007117417129743642,13.70951638573014,13.69966107044246,13.79089086206171
0.2,80,21,0.0043961459146249614,15.156093846719985,15.149384859790999,14.1770090217003
0.2,90,21,0.0043961459146249614,15.156093846719985,15.149384859790999,14.558068129349488
0.2,101,21,0.0043961459146249614,15.156093846719985,15.149384859790999,14.931129054710096
0.2,113,21,0.0043961459146249614,15.156093846719985,15.149384859790999,15.294343312440576
0.2,127,21,0.0043961459146249614,15.156093846719985,15.149384859790999,15.67221967208297
0.2,143,23,0.0027220049734017417,16.60162417743593,16.597087075605128,16.056108043653595
0.2,161,23,0.0027220049734017417,16.60162417743593,16.597087075605128,16.439679977128506
0.2,180,23,0.0027220049734017417,16.60162417743593,16.597087075605128,16.800581617151643
0.2,202,23,0.0027220049734017417,16.60162417743593,16.597087075605128,17.17364254251225
0.2,227,25,0.0016890036908241807,18.046513368493233,18.043461458398223,17.551140545687442
0.2,255,25,0.0016890036908241807,18.046513368493233,18.043461458398223,17.92744540841351
0.2,286,25,0.0016890036908241807,18.046513368493233,18.043461458398223,18.29862153145575
0.2,321,25,0.0016890036908241807,18.046513368493233,18.043461458398223,18.672130430105355
0.2,361,27,0.0010499827092734768,19.49100857924951,19.488964783832923,19.052069488206232
0.2,405,27,0.0010499827092734768,19.49100857924951,19.488964783832923,19.424154212602986
0.2,455,27,0.0010499827092734768,19.49100857924951,19.488964783832923,19.800772326983832
0.2,510,27,0.0010499827092734768,19.49100857924951,19.488964783832923,20.169958896215668
0.2,573,29,0.0006538063955773808,20.93526094533793,20.933897359017827,20.546786135258884
0.2,643,29,0.0006538063955773808,20.93526094533793,20.933897359017827,20.91967934785472
0.2,722,29,0.0006538063955773808,20.93526094533793,20.933897359017827,21.29458297600839
0.2,810,29,0.0006538063955773808,20.93526094533793,20.933897359017827,21.666667700405142
0.2,910,31,0.00040771167232344914,22.379363229835906,22.378456354560694,22.04328581478599
0.2,1021,31,0.00040771167232344914,22.379363229835906,22.378456354560694,22.4156426567732
0.2,1146,31,0.00040771167232344914,22.379363229835906,22.378456354560694,22.78929962306104
0.2,1287,31,0.00040771167232344914,22.379363229835906,22.378456354560694,23.16470761470925
0.2,1445,33,0.00025458220763136457,23.823372549075327,23.822771065935918,23.539336175279697
0.2,1622,33,0.00025458220763136457,23.823372549075327,23.822771065935918,23.91317287666923
0.2,1821,33,0.00025458220763136457,23.823372549075327,23.822771065935918,24.287576431491924
0.2,2044,33,0.00025458220763136457,23.823372549075327,23.822771065935918,24.661323313783733
0.2,2295,35,0.00015915407341685896,25.267324166984267,25.26692618355242,25.03604497946917
0.2,2576,35,0.00015915407341685896,25.267324166984267,25.26692618355242,25.40973392833713
0.2,2892,35,0.00015915407341685896,25.267324166984267,25.26692618355242,25.784087825113684
0.2,3247,35,0.00015915407341685896,25.267324166984267,25.26692618355242,26.158676902125062
0.2,3645,37,9.960340082865336e-05,26.711239907431576,26.710977123420278,26.53275378365864
0.2,4091,37,9.960340082865336e-05,26.711239907431576,26.710977123420278,26.90621014544191
0.2,4593,37,9.960340082865336e-05,26.711239907431576,26.710977123420278,27.280672327580426
0.2,5156,37,9.960340082865336e-05,26.711239907431576,26.710977123420278,27.654758291770154
0.2,5788,37,9.960340082865336e-05,26.711239907431576,26.710977123420278,28.02883792765267
0.2,6498,39,6.239584927820462e-05,28.155133304757854,28.15496011171714,28.403182547064045
0.2,7295,39,6.239584927820462e-05,28.155133304757854,28.15496011171714,28.777485484155154
0.2,8189,39,6.239584927820462e-05,28.155133304757854,28.15496011171714,29.15149033570525
0.2,9193,39,6.239584927820462e-05,28.155133304757854,28.15496011171714,29.52565024138083
0.2,10320,41,3.91224617425402e-05,29.59901276792011,29.598898809185513,29.899780708033045
0.2,11586,41,3.91224617425402e-05,29.59901276792011,29.598898809185513,30.2741450112488
0.2,13006,41,3.91224617425402e-05,29.59901276792011,29.598898809185513,30.648184507481762
0.2,14601,41,3.91224617425402e-05,29.59901276792011,29.598898809185513,31.022437250581014
0.2,16391,43,2.4550135485919386e-05,31.042883530021093,31.042808657054294,31.396570787549653
0.2,18401,43,2.4550135485919386e-05,31.042883530021093,31.042808657054294,31.770802104098536
0.2,20657,43,2.4550135485919386e-05,31.042883530021093,31.042808657054294,32.144957802179604
0.2,23190,43,2.4550135485919386e-05,31.042883530021093,31.042808657054294,32.51917067447521
0.2,26033,45,1.541739244558549e-05,32.48674885253886,32.48669972485075,32.89330883315632
0.2,29225,45,1.541739244558549e-05,32.48674885253886,32.48669972485075,33.26749788456104
0.2,32808,45,1.541739244558549e-05,32.48674885253886,32.48669972485075,33.64164920429504
0.2,36831,45,1.541739244558549e-05,32.48674885253886,32.48669972485075,34.015863977390964
0.2,41346,47,9.688856765364962e-06,33.93061077084926,33.93057857453404,34.389976211926765
0.2,46416,47,9.688856765364962e-06,33.93061077084926,33.93057857453404,34.76419438851579
0.2,52107,47,9.688856765364962e-06,33.93061077084926,33.93057857453404,35.138368965356854
0.2,58496,47,9.688856765364962e-06,33.93061077084926,33.93057857453404,35.51255651473185
0.2,65668,49,6.092796772844686e-06,35.37447055668398,35.37444947953198,35.886725589165735
0.2,73719,49,6.092796772844686e-06,35.37447055668398,35.37444947953198,36.26087995880097
0.2,82758,49,6.092796772844686e-06,35.37447055668398,35.37444947953198,36.63507087077918
0.2,92904,49,6.092796772844686e-06,35.37447055668398,35.37444947953198,37.00921615639292
0.2,104295,51,3.833749226035061e-06,36.81832900550625,36.81831522120183,37.38339607437736
0.2,117083,51,3.833749226035061e-06,36.81832900550625,36.81831522120183,37.75758551214279
0.2,131438,51,3.833749226035061e-06,36.81832900550625,36.81831522120183,38.13175071702016
0.2,147554,51,3.833749226035061e-06,36.81832900550625,36.81831522120183,38.50593785823157
0.2,165645,53,2.4136587897674125e-06,38.26218661537141,38.26217760876651,38.88010487856684
0.2,185954,53,2.4136587897674125e-06,38.26218661537141,38.26217760876651,39.254270777689776
0.2,208754,53,2.4136587897674125e-06,38.26218661537141,38.26217760876651,39.62845222805582
0.2,234349,53,2.4136587897674125e-06,38.26218661537141,38.26217760876651,40.00262636054262
0.2,263082,55,1.5203979332113943e-06,39.706043698406994,39.70603781847164,40.37679849170531
0.2,295338,55,1.5203979332113943e-06,39.706043698406994,39.70603781847164,40.750971849340964
0.2,331549,55,1.5203979332113943e-06,39.706043698406994,39.70603781847164,41.12514668224187
0.2,372200,55,1.5203979332113943e-06,39.706043698406994,39.70603781847164,41.499323404622764
0.2,417835,57,9.581940327241445e-07,41.149900450385616,41.14989661466138,41.8734986420543
0.2,469065,57,9.581940327241445e-07,41.149900450385616,41.14989661466138,42.24767213339741
0.2,526576,57,9.581940327241445e-07,41.149900450385616,41.14989661466138,42.6218442827548
0.2,591139,57,9.581940327241445e-07,41.149900450385616,41.14989661466138,42.99602029716033
0.2,663617,59,6.041591478723439e-07,42.59375699419523,42.5937544937884,43.37019138681374
0.2,744983,59,6.041591478723439e-07,42.59375699419523,42.5937544937884,43.7443696975887
0.2,836324,59,6.041591478723439e-07,42.59375699419523,42.5937544937884,44.118543074545784
0.2,938864,59,6.041591478723439e-07,42.59375699419523,42.5937544937884,44.49271592574782
0.2,1053977,61,3.8110007069422935e-07,44.03761340702903,44.03761177816491,44.86689116284948
0.2,1183203,61,3.8110007069422935e-07,44.03761340702903,44.03761177816491,45.241064025965414
0.2,1328274,61,3.8110007069422935e-07,44.03761340702903,44.03761177816491,45.61523898393398
0.2,1491132,61,3.8110007069422935e-07,44.03761340702903,44.03761177816491,45.98941400923694
0.2,1673957,63,2.4049474685370075e-07,45.48146973740908,45.48146867695953,46.363587461332514
0.2,1879198,63,2.4049474685370075e-07,45.48146973740908,45.48146867695953,46.73776118392929
0.2,2109604,63,2.4049474685370075e-07,45.48146973740908,45.48146867695953,47.11193606070812
0.2,2368259,63,2.4049474685370075e-07,45.48146973740908,45.48146867695953,47.48610987574381
0.2,2658628,65,1.5182422763554896e-07,46.925326015854324,46.92532532586204,47.86028459769641
0.2,2984598,65,1.5182422763554896e-07,46.925326015854324,46.92532532586204,48.23445851063802
0.2,3350535,65,1.5182422763554896e-07,46.925326015854324,46.92532532586204,48.60863276657072
0.2,3761339,65,1.5182422763554896e-07,46.925326015854324,46.92532532586204,48.98280704282006
0.2,4222511,67,9.588183412227759e-08,48.36918226157144,48.3691818128634,49.35698127801345
0.2,4740226,67,9.588183412227759e-08,48.36918226157144,48.3691818128634,49.73115510992265
0.2,5321418,67,9.588183412227759e-08,48.36918226157144,48.3691818128634,50.10532944714365
0.2,5973869,67,9.588183412227759e-08,48.36918226157144,48.3691818128634,50.47950374136909
0.2,6706316,69,6.057353612837402e-08,49.81303848665446,49.81303819500333,50.853678021717485
0.2,7528567,69,6.057353612837402e-08,49.81303848665446,49.81303819500333,51.227852210266974
0.2,8451633,69,6.057353612837402e-08,49.81303848665446,49.81303819500333,51.6020264296705
0.2,9487875,69,6.057353612837402e-08,49.81303848665446,49.81303819500333,51.976200751364715
0.2,10651169,71,3.828010250112737e-08,51.256894698722625,51.25689450924534,52.35037505125633
0.2,11957092,71,3.828010250112737e-08,51.256894698722625,51.25689450924534,52.724549157025955
0.2,13423133,71,3.828010250112737e-08,51.256894698722625,51.25689450924534,53.098723466363126
0.2,15068922,71,3.828010250112737e-08,51.256894698722625,51.25689450924534,53.47289754513383
0.2,16916500,73,2.4199123862954718e-08,52.70075090257833,52.70075077953543,53.84707189678272
0.2,18990606,73,2.4199123862954718e-08,52.70075090257833,52.70075077953543,54.22124611612066
0.2,21319014,73,2.4199123862954718e-08,52.70075090257833,52.70075077953543,54.59542019267698
0.2,23932906,73,2.4199123862954718e-08,52.70075090257833,52.70075077953543,54.969594485264984
0.2,26867283,75,1.530227222423435e-08,54.1446071012499,54.14460702138185,55.343768737264924
0.2,30161439,75,1.530227222423435e-08,54.1446071012499,54.14460702138185,55.71794293821444
0.2,33859486,75,1.530227222423435e-08,54.1446071012499,54.14460702138185,56.092117103763314
0.2,38010946,75,1.530227222423435e-08,54.1446071012499,54.14460702138185,56.4662913735185
0.2,42671409,77,9.679117425509692e-09,55.58846329664778,55.58846324482545,56.84046555330469
0.2,47903285,77,9.679117425509692e-09,55.58846329664778,55.58846324482545,57.214639792279826
0.2,53776633,77,9.679117425509692e-09,55.58846329664778,55.58846324482545,57.588814013765074
0.2,60370103,77,9.679117425509692e-09,55.58846329664778,55.58846324482545,57.96298822705194
0.2,67771988,79,6.12397492271705e-09,57.032319489977645,57.032319456365386,58.337162431573475
0.2,76081408,79,6.12397492271705e-09,57.032319489977645,57.032319456365386,58.711336692356156
0.2,85409632,79,6.12397492271705e-09,57.032319489977645,57.032319456365386,59.085510903800376
0.2,95881575,79,6.12397492271705e-09,57.032319489977645,57.032319456365386,59.45968511031383
0.2,107637467,81,3.875640702404519e-09,58.47617568200071,58.47617566020736,59.83385932435881
0.2,120834731,81,3.875640702404519e-09,58.47617568200071,58.47617566020736,60.20803354421351
0.2,135650092,81,3.875640702404519e-09,58.47617568200071,58.47617566020736,60.58220778298089
0.2,152281940,81,3.875640702404519e-09,58.47617568200071,58.47617566020736,60.95638198595996
0.2,170952994,83,2.4533588717844333e-09,59.92003187319771,59.92003185907221,61.33055620478929
0.2,191913278,83,2.4533588717844333e-09,59.92003187319771,59.92003185907221,61.704730437792406
0.2,215443469,83,2.4533588717844333e-09,59.92003187319771,59.92003185907221,62.078904652400716
0.2,241858661,83,2.4533588717844333e-09,59.92003187319771,59.92003185907221,62.45307887470735
0.2,271512579,85,1.5533933972730283e-09,61.3638880638724,61.3638880547198,62.82725309680291
0.2,304802318,85,1.5533933972730283e-09,61.3638880638724,61.3638880547198,63.20142731652619
0.2,342173660,85,1.5533933972730283e-09,61.3638880638724,61.3638880547198,63.57560153047908
0.2,384127045,87,9.837851546944515e-10,62.807744254216736,62.807744248288124,63.94977574787756
0.2,431224271,87,9.837851546944515e-10,62.807744254216736,62.807744248288124,64.32394997379363
0.2,484096014,87,9.837851546944515e-10,62.807744254216736,62.807744248288124,64.69812419022105
0.2,543450281,87,9.837851546944515e-10,62.807744254216736,62.807744248288124,65.0722984132513
0.2,610081882,89,6.231798713452815e-10,64.25160044435208,64.25160044051292,65.44647262938946
0.2,684883082,89,6.231798713452815e-10,64.25160044435208,64.25160044051292,65.82064685092016
0.2,768855541,89,6.231798713452815e-10,64.25160044435208,64.25160044051292,66.1948210685166
0.2,863123735,89,6.231798713452815e-10,64.25160044435208,64.25160044051292,66.56899529075271
0.2,968950006,91,3.948362971370734e-10,65.69545663435514,65.69545663186972,66.94316950927461
0.2,1087751474,91,3.948362971370734e-10,65.69545663435514,65.69545663186972,67.31734373077117
0.2,1221119006,91,3.948362971370734e-10,65.69545663435514,65.69545663186972,67.6915179495368
0.2,1370838526,91,3.948362971370734e-10,65.69545663435514,65.69545663186972,68.06569216929627
0.2,1538914926,93,2.5021169983701914e-10,67.13931282427448,67.13931282266589,68.43986638972687
0.2,1727598914,93,2.5021169983701914e-10,67.13931282427448,67.13931282266589,68.8140406092304
0.2,1939417155,93,2.5021169983701914e-10,67.13931282427448,67.13931282266589,69.18821482864287
0.2,2177206105,93,2.5021169983701914e-10,67.13931282427448,67.13931282266589,69.56238904929725
0.2,2444149991,95,1.5859213584573367e-10,68.58316901414082,68.58316901309998,69.93656326878401
0.2,2743823456,95,1.5859213584573367e-10,68.58316901414082,68.58316901309998,70.3107374887799
0.2,3080239422,95,1.5859213584573367e-10,68.58316901414082,68.58316901309998,70.68491170785762
0.2,3457902833,95,1.5859213584573367e-10,68.58316901414082,68.58316901309998,71.05908592861005
0.2,3881870971,97,1.0053932673108568e-10,70.02702520397361,70.0270252033003,71.43326014760976
0.2,4357821191,97,1.0053932673108568e-10,70.02702520397361,70.0270252033003,71.80743436802086
0.2,4892126933,97,1.0053932673108568e-10,70.02702520397361,70.0270252033003,72.18160858756846
0.2,5491943079,97,1.0053932673108568e-10,70.02702520397361,70.0270252033003,72.55578280723068
0.2,6165301759,99,6.374814717063015e-11,71.47088139378512,71.47088139334966,72.92995702713964
0.2,6921219910,99,6.374814717063015e-11,71.47088139378512,71.47088139334966,73.30413124734079
0.2,7769820020,99,6.374814717063015e-11,71.47088139378512,71.47088139334966,73.67830546712585
0.2,8722465682,99,6.374814717063015e-11,71.47088139378512,71.47088139334966,74.05247968687645
0.2,9791913761,101,4.0427192035934604e-11,72.91473758358316,72.91473758330159,74.42665390665529
0.2,10992485221,101,4.0427192035934604e-11,72.91473758358316,72.91473758330159,74.80082812633975
0.2,12340256899,101,4.0427192035934604e-11,72.91473758358316,72.91473758330159,75.17500234628368
0.2,13853276785,101,4.0427192035934604e-11,72.91473758358316,72.91473758330159,75.54917656597726
0.2,15551805709,103,2.5641965310691473e-11,74.35859377337268,74.35859377319063,75.92335078584912
0.2,17458588648,103,2.5641965310691473e-11,74.35859377337268,74.35859377319063,76.29752500579748
0.2,19599159304,103,2.5641965310691473e-11,74.35859377337268,74.35859377319063,76.67169922548551
0.2,22002182032,103,2.5641965310691473e-11,74.35859377337268,74.35859377319063,77.04587344543913
0.2,24699835673,105,1.6266653163249163e-11,75.80244996315677,75.80244996303912,77.42004766518212
0.2,27728244472,105,1.6266653163249163e-11,75.80244996315677,75.80244996303912,77.79422188507117
0.2,31127961807,105,1.6266653163249163e-11,75.80244996315677,75.80244996303912,78.1683961048311
0.2,34944513247,105,1.6266653163249163e-11,75.80244996315677,75.80244996303912,78.54257032462381
0.2,39229006180,107,1.032076417788989e-11,77.24630615293745,77.24630615286142,78.91674454449027
0.2,44038814190,107,1.032076417788989e-11,77.24630615293745,77.24630615286142,79.2909187643024
0.2,49438345350,107,1.032076417788989e-11,77.24630615293745,77.24630615286142,79.66509298411917
0.2,55499904707,107,1.032076417788989e-11,77.24630615293745,77.24630615286142,80.03926720394708
0.2,62304662518,109,6.549225730320833e-12,78.69016234271594,78.69016234266682,80.41344142376867
0.2,69943741201,109,6.549225730320833e-12,78.69016234271594,78.69016234266682,80.78761564361086
0.2,78519435552,109,6.549225730320833e-12,78.69016234271594,78.69016234266682,81.16178986343898
0.2,88146582575,109,6.549225730320833e-12,78.69016234271594,78.69016234266682,81.53596408325332
0.2,98954099263,111,4.156524491972759e-12,80.13401853249307,80.13401853246134,81.91013830308265
0.2,111086708921,111,4.156524491972759e-12,80.13401853249307,80.13401853246134,82.28431252289158
0.2,124706879158,111,4.156524491972759e-12,80.13401853249307,80.13401853246134,82.65848674272168
0.2,139996997483,111,4.156524491972759e-12,80.13401853249307,80.13401853246134,83.03266096252679
0.2,157161813661,113,2.638341086257113e-12,81.5778747222693,81.57787472224881,83.40683518236813
0.2,176431181504,113,2.638341086257113e-12,81.5778747222693,81.57787472224881,83.78100940217321
0.2,198063136853,113,2.638341086257113e-12,81.5778747222693,81.57787472224881,84.1551836220102
0.2,222347352919,113,2.638341086257113e-12,81.5778747222693,81.57787472224881,84.5293578418254
0.2,249609019304,115,1.674903474731063e-12,83.02173091204499,83.02173091203176,84.90353206164485
0.2,280213196605,115,1.674903474731063e-12,83.02173091204499,83.02173091203176,85.2777062814741
0.2,314569704934,115,1.674903474731063e-12,83.02173091204499,83.02173091203176,85.65188050129228
0.2,353138611819,115,1.674903474731063e-12,83.02173091204499,83.02173091203176,86.0260547211167
0.2,396436392957,117,1.0634204346320612e-12,84.46558710182032,84.46558710181178,86.40022894094454
0.2,445042848333,117,1.0634204346320612e-12,84.46558710182032,84.46558710181178,86.77440316076277
0.2,499608866319,117,1.0634204346320612e-12,84.46558710182032,84.46558710181178,87.14857738058903
0.2,560865139703,117,1.0634204346320612e-12,84.46558710182032,84.46558710181178,87.52275160040948
0.2,629631950394,119,6.75265889228623e-13,85.90944329159544,85.90944329158992,87.89692582023507
0.2,706830153799,119,6.75265889228623e-13,85.90944329159544,85.90944329158992,88.27110004005918
0.2,793493509988,119,6.75265889228623e-13,85.90944329159544,85.90944329158992,88.64527425987815
0.2,890782526764,121,4.2884220138681997e-13,87.35329948137041,87.35329948136685,89.01944847970219
0.2,1000000000000,121,4.2884220138681997e-13,87.35329948137041,87.35329948136685,89.39362269952598
0.4,10,125,0.04674904166130951,121.32207526517226,121.27629889297964,109.53391136808422
0.4,11,129,0.042680771343889215,125.20994591330835,125.16693198674014,114.06781407549225
0.4,13,135,0.03724549019044182,131.04108476118984,131.00195429191612,122.01457242064366
0.4,14,139,0.03401975457908865,134.92811287461984,134.8914030442306,125.53988667645658
0.4,16,145,0.02970670415685194,140.7581294917701,140.7248083713133,131.89197145677315
0.4,18,149,0.02714504460160231,144.644493529144,144.61327661348824,137.49490731677855
0.4,20,153,0.02480808986240396,148.5306328617019,148.50140172597065,142.5069042322775
0.4,22,157,0.022675678331031394,152.41656765105193,152.38920874369677,147.04080693968555
0.4,25,163,0.019821020305947522,158.24512587580503,158.220373185802,153.12183700778183
0.4,28,169,0.017330997511735058,164.07331946532724,164.0509452038845,158.51287954064986
0.4,32,175,0.015158149108866282,169.90119588045815,169.88098860572399,164.86496432096646
0.4,36,179,0.013865247479242424,173.78629115990645,173.76741893469645,170.46790018097184
0.4,40,185,0.01213235282704353,179.61372762128664,179.59670492690793,175.47989709647078
0.4,45,189,0.011100718414638385,183.4985616335177,183.48267630496068,181.08283295647618
0.4,50,193,0.010157907250484644,187.38330682250054,187.36848723400038,186.09482987197512
0.4,57,199,0.008893426817606902,193.21027486966145,193.19692833636157,192.32784081467832
0.4,64,205,0.007788111061028922,199.03708375214603,199.02507097865697,197.83795718515972
0.4,71,209,0.007129512517886901,202.92154472850785,202.91034971150054,202.77556788802113
0.4,80,215,0.006245639658958661,208.74813216809477,208.7380650456266,208.45288996066407
0.4,90,221,0.005472443185686225,214.57460893129607,214.56556060703664,214.05582582066947
0.4,101,225,0.0050114588858967395,218.45887229341454,218.4504474476165,219.54115970906477
0.4,113,231,0.004392442040547367,224.2851948769879,224.27762847783865,224.8817122602372
0.4,127,235,0.00402325496093508,228.16936644188618,228.16232486582157,230.43785030703555
0.4,143,241,0.003527345171201343,233.99556591840394,233.98924628312088,236.0823864961359
0.4,161,247,0.0030930827492728023,239.82170374755387,239.81603425743643,241.72226991006744
0.4,180,251,0.0028339567109321112,243.7057652514109,243.70049268767863,247.02881868486278
0.4,202,257,0.0024857228939299397,249.5318170519559,249.52708979220543,252.51415257325806
0.4,227,261,0.0022778718818119454,253.4158272807867,253.41143268959576,258.06472742270614
0.4,255,267,0.0019984706431663167,259.2418102487533,259.2378723614097,263.5977588273862
0.4,286,273,0.001753592051910237,265.0677586940726,265.06423115617076,269.0553793603292
0.4,321,277,0.0016073704633485007,268.95170729347984,268.94842982887195,274.5473000630923
0.4,361,283,0.0014107365165573651,274.77760749415467,274.77467300146117,280.13376717677136
0.4,405,287,0.001293294827428162,278.6615273136625,278.65880171110035,285.6047474090615
0.4,455,293,0.0011353273899722158,284.4873888478279,284.4849495772579,291.14238473679785
0.4,510,299,0.000996777991514683,290.31323096395437,290.31104850662007,296.5707516915795
0.4,573,303,0.000913998883448377,294.1971161208811,294.1950899474384,302.11146390204794
0.4,643,309,0.0008026178093077836,300.0229310686833,300.0211189495354,307.5943318111633
0.4,722,315,0.000704889860304497,305.84873236336034,305.8471120564329,313.1067600409647
0.4,810,319,0.0006464817095240447,309.7325931493298,309.731089484684,318.57774027325473
0.4,910,325,0.0005678683075155552,315.55837532945975,315.5570313136099,324.11537760099117
0.4,1021,331,0.0004988666703804735,321.3841478978249,321.38294682748295,329.59035893803144
0.4,1146,335,0.00045761507922387516,325.26799152723476,325.2668773270781,335.0844567662412
0.4,1287,341,0.00040207773925202226,331.0937506313027,331.09275525817895,340.6043009487212
0.4,1445,347,0.000353314752303897,336.91950296101766,336.91861390726524,346.1126846982963
0.4,1622,351,0.0003241547331846738,340.8033344988555,340.80251002012153,351.60942527726667
0.4,1821,357,0.0002848863015495148,346.62907733401516,346.6283411374928,357.11450063518424
0.4,2044,363,0.0002503973666287162,352.45481538967806,352.454158132962,362.6099205512091
0.4,2295,367,0.000229768076205785,356.33863839678713,356.33802906115005,368.1196732799715
0.4,2576,373,0.00020198100754759634,362.16436975058383,362.1638258972882,373.6142413668406
0.4,2892,379,0.00017756920353128358,367.99009772911586,367.98961239538863,379.11858657334096
0.4,3247,383,0.00016296414667968457,371.8739147119914,371.87346488678503,384.6263897729579
0.4,3645,389,0.00014328724632188387,377.6996379556198,377.699236630251,390.1266618616467
0.4,4091,395,0.00012599602042181692,383.5253588135737,383.5250008089103,395.61781008400857
0.4,4593,399,0.00011564886912371968,387.40917153854366,387.40883980915413,401.1237474737831
0.4,5156,405,0.0001017056720961284,393.2348890484687,393.23459319336155,406.6241531100996
0.4,5788,411,8.945004801082452e-05,399.0606048708208,399.0603410442934,412.1244656975985
0.4,6498,415,8.211478613360338e-05,402.94441458390133,402.94417017635226,417.62867449354997
0.4,7295,421,7.2228363295228e-05,408.7701280370522,408.76991013319326,423.13227040986607
0.4,8189,427,6.353657658976287e-05,414.5958402955669,414.59564604426834,428.63148339940375
0.4,9193,433,5.589446193960863e-05,420.4215515044096,420.42137835812633,434.1329762408134
0.4,10320,437,5.1319352198184504e-05,424.30535845733795,424.30519810114185,439.63403622297255
0.4,11586,443,4.515157147881187e-05,430.1310681918467,430.130925284267,445.13853444146037
0.4,13006,449,3.9727548256286244e-05,435.95677718259793,435.95664983851225,450.63825683211735
0.4,14601,453,3.6479803841800944e-05,439.840582808161,439.8404648930279,456.14111471669173
0.4,16391,459,3.210076272279358e-05,445.6662907539301,445.66618569831746,461.64221984351656
0.4,18401,465,2.824904752508157e-05,451.49199817237337,451.49190458304537,467.1447626809368
0.4,20657,469,2.5942394546389595e-05,455.37580285684504,455.37571621229284,472.6461936556131
0.4,23190,475,2.2831789489688616e-05,461.2015095341781,461.2014323586119,478.14846529634497
0.4,26033,481,2.0095276785009568e-05,467.0272158374188,467.02714710229014,483.6496383789226
0.4,29225,487,1.7687712489064928e-05,472.8529218117111,472.8528605993565,489.1515597671054
0.4,32808,491,1.6245621913411612e-05,476.73672563162035,476.7366689739949,494.6529263643734
0.4,36831,497,1.4300536152634227e-05,482.5624311434341,482.56238069396426,500.15522595368856
0.4,41346,503,1.2588983022173579e-05,488.3881364217153,488.38809150387607,505.6560178583323
0.4,46416,507,1.156365315323704e-05,492.2719398248638,492.27189825542666,511.15836749120547
0.4,52107,513,1.0180512156528775e-05,498.0976447747328,498.0976077681986,516.6600760513777
0.4,58496,519,8.963246937968577e-06,503.92334955872604,503.9233166167958,522.1619753543354
0.4,65668,525,7.891904854555199e-06,509.7490541967962,509.7490248752507,527.6636030093832
0.4,73719,529,7.249991267535833e-06,513.6328572165284,513.6328300858349,533.1650144511403
0.4,82758,535,6.383922971792193e-06,519.4585616493248,519.4585375032934,538.666963196428
0.4,92904,541,5.621568124659289e-06,525.2842659784076,525.2842444902161,544.1682410704818
0.4,104295,545,5.164735928891401e-06,529.1680688130584,529.1680489329293,549.6700281646221
0.4,117083,551,4.54830875595017e-06,534.9937729962136,534.9937553063851,555.1719552336933
0.4,131438,557,4.005626590308463e-06,540.8194771056238,540.819461365826,560.6735259923792
0.4,147554,563,3.5278437450541217e-06,546.6451811501346,546.6451671463171,566.1754192938679
0.4,165645,567,3.2414945197412906e-06,550.5289838143026,550.5289708605401,571.6770167462973
0.4,185954,573,2.855051972758982e-06,556.3546877674731,556.3546762436241,577.1785977128835
0.4,208754,579,2.514781285093163e-06,562.1803916744718,562.1803814233215,582.6804073385305
0.4,234349,583,2.3108259694656234e-06,566.0641942562459,566.0641847747946,588.182109365101
0.4,263082,589,2.0355504487974865e-06,571.8898980982493,571.8898896647692,593.6837819650278
0.4,295338,595,1.793135694377209e-06,577.7156019073922,577.7155944064855,599.185472598507
0.4,331549,601,1.579649750887245e-06,583.541305687606,583.5412990165261,604.6871849236775
0.4,372200,605,1.451670943766228e-06,587.4251081934035,587.4251020240779,610.188925030982
0.4,417835,611,1.2789173316364917e-06,593.2508119328852,593.2508064465756,615.690643304204
0.4,469065,617,1.1267624895729523e-06,599.076515651768,599.0765107731172,621.1923359036623
0.4,526576,623,9.927448485038416e-07,604.9022193525137,604.902215014445,626.6940087711165
0.4,591139,627,9.123949751408862e-07,608.7860218106822,608.7860177994129,632.1957384686434
0.4,663617,633,8.039206119671061e-07,614.6117254858847,614.6117219193893,637.6973957546476
0.4,744983,639,7.083666736248212e-07,620.4374291481665,620.4374259772854,643.1991592170428
0.4,836324,643,6.510726623836162e-07,624.3212315832792,624.3212286515283,648.7008501346163
0.4,938864,649,5.737178289945603e-07,630.1469352273622,630.1469326210258,654.2025333217044
0.4,1053977,655,5.055699805381874e-07,635.9726388622379,635.9726365453054,659.7042515900761
0.4,1183203,661,4.455311063188608e-07,641.7983424890049,641.798340429436,665.2059349523413
0.4,1328274,665,4.095278437858225e-07,645.6821449028267,645.6821429987958,670.7076491164551
0.4,1491132,671,3.609131720890323e-07,651.5078485181695,651.5078468257641,676.2093642706261
0.4,1673957,677,3.1807920210073426e-07,657.3335521277314,657.3335506234962,681.7110562930048
0.4,1879198,683,2.8033727645034815e-07,663.1592557322014,663.1592543952721,687.2127522927216
0.4,2109604,687,2.577023483003879e-07,667.0430581326549,667.0430568968212,692.7144652630551
0.4,2368259,693,2.2713561210542818e-07,672.8687617299497,672.8687606316463,698.2161626219555
0.4,2658628,699,2.002002401386054e-07,678.6944653236131,678.6944643475748,703.717873315788
0.4,2984598,705,1.7646406253750514e-07,684.5201689140773,684.520168046728,709.2195721142567
0.4,3350535,709,1.622273759811814e-07,688.4039713061327,688.40397050445,714.7212759559249
0.4,3761339,715,1.4299996796597197e-07,694.229674892088,694.2296741797253,720.2229800963205
0.4,4222511,721,1.260548522420047e-07,700.0553784757612,700.055377842791,725.7246836330463
0.4,4740226,727,1.1112066998906053e-07,705.8810820574233,705.8810814950186,731.226381240048
0.4,5321418,731,1.0216248105115241e-07,709.7648844442002,709.7648839244232,736.7280862769458
0.4,5973869,737,9.006286616218494e-08,715.5905880230279,715.5905875612254,742.2297906816545
0.4,6706316,743,7.939831848308949e-08,721.4162916004204,721.4162911901411,747.7314948823209
0.4,7528567,749,6.999836459493168e-08,727.2419951765485,727.2419948120566,753.2331977332142
0.4,8451633,753,6.435935436292197e-08,731.125797560006,731.1257972231704,758.7349010377724
0.4,9487875,759,5.674222101996404e-08,736.9515011343512,736.951500835124,764.2366058463707
0.4,10651169,765,5.002782453078702e-08,742.7772047077937,742.7772044419846,769.7383103343925
0.4,11957092,771,4.410901812186905e-08,748.6029082804405,748.6029080443254,775.2400119681249
0.4,13423133,775,4.055804305550989e-08,752.4867106618101,752.4867104436283,780.7417165950303
0.4,15068922,781,3.576102168397014e-08,758.3124142333352,758.3124140395373,786.2434178317817
0.4,16916500,787,3.153210381105486e-08,764.138117804292,764.1381176321585,791.7451230808211
0.4,18990606,793,2.780391442530713e-08,769.9638213747482,769.963821221862,797.246826384415
0.4,21319014,797,2.556701796318622e-08,773.8476237548039,773.8476236135405,802.7485275886069
0.4,23932906,803,2.2544955529014894e-08,779.6733273245538,779.6733271990923,808.2502319692395
0.4,26867283,809,1.988054569949238e-08,785.4990308939464,785.4990307825224,813.7519357530819
0.4,30161439,815,1.7531404213134834e-08,791.3247344630234,791.3247343640694,819.2536387863
0.4,33859486,819,1.6121824086401722e-08,795.2085368422518,795.2085367508271,824.7553412990017
0.4,38010946,825,1.4217332136142672e-08,801.0342404108842,801.0342403296952,830.2570453439099
0.4,42671409,831,1.2538084591712444e-08,806.8599439792915,806.8599439071942,835.7587480659513
0.4,47903285,837,1.1057407582734661e-08,812.6856475475001,812.6856474834782,841.2604516582824
0.4,53776633,841,1.0168877817823276e-08,816.5694499262074,816.5694498670609,846.7621549934494
0.4,60370103,847,8.968296426370893e-09,822.395153494136,822.3951534416168,852.2638582080707
0.4,67771988,853,7.909619833393447e-09,828.2208570619226,828.2208570152893,857.7655612938104
0.4,76081408,859,6.976054834600706e-09,834.0465606295843,834.0465605881783,863.2672652067906
0.4,85409632,863,6.415799811295377e-09,837.9303630079631,837.9303629697129,868.7689683943186
0.4,95881575,869,5.658733042539473e-09,843.7560665754482,843.7560665414871,874.2706715093465
0.4,107637467,875,4.9910962210787465e-09,849.5817701428439,849.5817701126916,879.7723747351149
0.4,120834731,881,4.402312932740065e-09,855.4074737101607,855.4074736833909,885.274078046307
0.4,135650092,885,4.048946878817964e-09,859.2912760883328,859.2912760636048,890.7757816355834
0.4,152281940,891,3.5714168409457223e-09,865.1169796555382,865.1169796335851,896.2774846986431
0.4,170952994,897,3.1502641505662398e-09,870.9426832226875,870.9426832031983,901.7791879947587
0.4,191913278,903,2.7788254584957746e-09,876.7683867897869,876.7683867724854,907.2808914992796
0.4,215443469,909,2.451225927049581e-09,882.5940903568426,882.5940903414836,912.782594733331
0.4,241858661,913,2.2545973721331314e-09,886.4778927348577,886.4778927206713,918.2842980805755
0.4,271512579,919,1.988858202305209e-09,892.3035963018516,892.3035962892585,923.7860014247162
0.4,304802318,925,1.7544709242718862e-09,898.129299868814,898.1292998576354,929.287704733976
0.4,342173660,931,1.5477327471957095e-09,903.9550034357487,903.9550034258261,934.7894079583903
0.4,384127045,935,1.4236391643223798e-09,907.8388058136916,907.8388058045269,940.2911112334672
0.4,431224271,941,1.2559198751541e-09,913.6645093805872,913.6645093724526,945.7928146337832
0.4,484096014,947,1.1079780392852308e-09,919.4902129474632,919.4902129402429,951.294517894582
0.4,543450281,953,9.77479148040934e-10,925.3159165143217,925.3159165079131,956.7962212524661
0.4,610081882,957,8.991434571191565e-10,929.1997188922187,929.1997188863,962.2979245090118
0.4,684883082,963,7.932627110153341e-10,935.0254224590525,935.0254224537994,967.7996278448471
0.4,768855541,969,6.998613442412103e-10,940.851126025874,940.8511260212117,973.3013311228348
0.4,863123735,975,6.174670833148067e-10,946.6768295926844,946.6768295885465,978.803034469042
0.4,968950006,979,5.680049327496728e-10,950.5606319705525,950.5606319667312,984.3047377606373
0.4,1087751474,985,5.011470026167682e-10,956.3863355373475,956.3863355339561,989.8064410959706
0.4,1221119006,991,4.421654481756181e-10,962.2120391041344,962.2120391011247,995.3081443911494
0.4,1370838526,997,3.901315120146903e-10,968.0377426709144,968.0377426682435,1000.8098477009414
0.4,1538914926,1003,3.4422606274922347e-10,973.8634462376883,973.8634462353181,1006.3115510206013
0.4,1727598914,1007,3.1666675071896885e-10,977.7472486155347,977.7472486133457,1011.81325432663
0.4,1939417155,1013,2.794125087802971e-10,983.5729521822998,983.5729521803574,1017.3149576313197
0.4,2177206105,1019,2.4654461868924553e-10,989.3986557490607,989.3986557473371,1022.8166609542701
0.4,2444149991,1025,2.1754617246079546e-10,995.2243593158177,995.2243593142881,1028.3183642600522
0.4,2743823456,1029,2.0013612685275127e-10,999.1081616936539,999.1081616922414,1033.8200675733203
0.4,3080239422,1035,1.7660038886063457e-10,1004.9338652604055,1004.9338652591522,1039.3217708730879
0.4,3457902833,1041,1.5583459646188164e-10,1010.7595688271541,1010.759568826042,1044.82347419748
0.4,3881870971,1047,1.375124761664277e-10,1016.5852723939005,1016.5852723929138,1050.3251774961007
0.4,4357821191,1051,1.2651175599900207e-10,1020.4690747717301,1020.469074770819,1055.8268808154737
0.4,4892126933,1057,1.1163977701791266e-10,1026.294778338473,1026.2947783376644,1061.3285841221505
0.4,5491943079,1063,9.851738323221017e-11,1032.1204819052143,1032.120481904497,1066.8302874305125
0.4,6165301759,1069,8.693858067290014e-11,1037.9461854719539,1037.9461854713174,1072.3319907425023
0.4,6921219910,1075,7.672165009538468e-11,1043.771889038692,1043.7718890381273,1077.8336940587885
0.4,7769820020,1079,7.058699139957449e-11,1047.655691416517,1047.6556914159953,1083.3353973689566
0.4,8722465682,1085,6.229302909602358e-11,1053.481394983253,1053.4813949827906,1088.8371006786183
0.4,9791913761,1091,5.49743097180015e-11,1059.3070985499885,1059.307098549578,1094.3388039886947
0.4,10992485221,1097,4.8516070793936615e-11,1065.132802116723,1065.1328021163588,1099.840507297384
0.4,12340256899,1101,4.4638117805816986e-11,1069.0166044945456,1069.0166044942093,1105.3422106098878
0.4,13853276785,1107,3.9394968368518893e-11,1074.8423080612788,1074.8423080609805,1110.843913918711
0.4,15551805709,1113,3.4768102841204034e-11,1080.6680116280113,1080.6680116277466,1116.3456172301555
0.4,17458588648,1119,3.068502866663884e-11,1086.4937151947433,1086.4937151945087,1121.8473205427247
0.4,19599159304,1123,2.823318104355014e-11,1090.3775175725646,1090.3775175723479,1127.3490238514662
0.4,22002182032,1129,2.4918051211171888e-11,1096.203221139296,1096.2032211391038,1132.8507271641126
0.4,24699835673,1135,2.1992444240724087e-11,1102.0289247060268,1102.0289247058563,1138.3524304736625
0.4,27728244472,1141,1.9410558843822265e-11,1107.8546282727575,1107.854628272606,1143.8541337853594
0.4,31127961807,1147,1.7131983344812595e-11,1113.6803318394877,1113.6803318393534,1149.3558370951584
0.4,34944513247,1151,1.5763651896529028e-11,1117.5641342173078,1117.564134217184,1154.8575404054388
0.4,39229006180,1157,1.3913448123438024e-11,1123.3898377840376,1123.3898377839275,1160.359243716804
0.4,44038814190,1163,1.228054515133528e-11,1129.2155413507674,1129.2155413506698,1165.8609470273702
0.4,49438345350,1169,1.0839404122763792e-11,1135.0412449174967,1135.0412449174103,1171.3626503380044
0.4,55499904707,1173,9.973936743688294e-12,1138.9250472953163,1138.9250472952365,1176.8643536488025
0.4,62304662518,1179,8.80364288416697e-12,1144.7507508620454,1144.7507508619747,1182.3660569595081
0.4,69943741201,1185,7.770750981261367e-12,1150.5764544287745,1150.5764544287117,1187.8677602705163
0.4,78519435552,1191,6.859118231420836e-12,1156.4021579955036,1156.4021579954479,1193.3694635813176
0.4,88146582575,1197,6.054499730853559e-12,1162.2278615622322,1162.2278615621829,1198.8711668919161
0.4,98954099263,1201,5.571269391972308e-12,1166.1116639400514,1166.1116639400059,1204.3728702027352
0.4,111086708921,1207,4.91781101394231e-12,1171.93736750678,1171.9373675067395,1209.8745735132543
0.4,124706879158,1213,4.3410428810808825e-12,1177.7630710735086,1177.7630710734727,1215.376276824085
0.4,139996997483,1219,3.831958867809508e-12,1183.588774640237,1183.5887746402052,1220.877980134548
0.4,157161813661,1223,3.5262072929886433e-12,1187.472577018056,1187.4725770180266,1226.3796834455434
0.4,176431181504,1229,3.112734276753501e-12,1193.2982805847846,1193.2982805847587,1231.8813867560061
0.4,198063136853,1235,2.747771852883912e-12,1199.123984151513,1199.1239841514898,1237.3830900669377
0.4,222347352919,1241,2.425625037645423e-12,1204.9496877182412,1204.9496877182207,1242.8847933775492
0.4,249609019304,1247,2.1412678577824522e-12,1210.7753912849696,1210.7753912849514,1248.386496688223
0.4,280213196605,1251,1.9704780786004195e-12,1214.6591936627883,1214.6591936627717,1253.8881999990406
0.4,314569704934,1257,1.7395065875137129e-12,1220.4848972295165,1220.4848972295017,1259.389903309696
0.4,353138611819,1263,1.5356236095000645e-12,1226.310600796245,1226.3106007962317,1264.8916066204429
0.4,396436392957,1269,1.3556503136027028e-12,1232.136304362973,1232.1363043629615,1270.39330993124
0.4,445042848333,1275,1.1967811380130405e-12,1237.9620079297013,1237.9620079296908,1275.8950132418959
0.4,499608866319,1279,1.1013577180042455e-12,1241.84581030752,1241.8458103075104,1281.3967165526697
0.4,560865139703,1285,9.723045254969118e-13,1247.6715138742481,1247.6715138742395,1286.8984198633582
0.4,629631950394,1291,8.583813586792558e-13,1253.4972174409763,1253.4972174409688,1292.4001231741224
0.4,706830153799,1297,7.578133918779415e-13,1259.3229210077045,1259.3229210076977,1297.9018264848648
0.4,793493509988,1301,6.97406239214149e-13,1263.2067233855232,1263.206723385517,1303.4035297955315
0.4,890782526764,1307,6.157075268890441e-13,1269.0324269522512,1269.0324269522457,1308.9052331062728
0.4,1000000000000,1313,5.435844611880925e-13,1274.8581305189794,1274.8581305189743,1314.4069364170105
