d,epsilon,uniform_conditional_entropy_bits,maximum_on_grid_bits,largest_second_difference
1,0.05,0.2863969571159561,0.2863969571159561,-1.0964495540388697e-06
1,0.2,0.7219280948873624,0.7219280948873624,-3.69330265326262e-06
1,0.4,0.9709505944546689,0.9709505944546689,-5.53995279850561e-06
2,0.05,0.11985136604462886,0.11985136604462886,-6.057729449726601e-07
2,0.2,0.539474732050231,0.539474732050231,-2.7156635151737163e-06
2,0.4,0.9430556529141356,0.9430556529141356,-5.326877800748697e-06
3,0.05,0.042584889232040866,0.042584889232040866,-1.5912903330445038e-07
3,0.2,0.40615674832073023,0.40615674832073023,-1.954609474441593e-06
3,0.4,0.916227972284643,0.916227972284643,-5.12841364119776e-06
4,0.05,0.018374474614915263,0.018374474614915263,-8.920046550009442e-08
4,0.2,0.30917664314067056,0.30917664314067056,-1.479349841626565e-06
4,0.4,0.8903953395311649,0.8903953395311649,-4.942464094215282e-06
5,0.05,0.00689008374917702,0.00689008374917702,-2.5431037851096627e-08
5,0.2,0.2361804902718429,0.2361804902718429,-1.098324242027049e-06
5,0.4,0.8654957023984993,0.8654957023984993,-4.7674563330435404e-06
9,0.05,0.0002002522478286692,0.0002002522478286692,-7.298548090222713e-10
9,0.2,0.08379983411293976,0.08379983411293976,-3.7477307664179893e-07
9,0.4,0.7742230693759055,0.7742230693759055,-4.155462718369307e-06
