N,independent_MI_bits,exact_MI_bits,KL_bound_bits,Dobrushin_bound_bits
0,1.0,1.0,1.0,1.0
1,0.987033803189082,0.987033803189082,0.9953728650140624,0.99768375
2,0.9764092695632747,0.9764092695632748,0.9907671404063031,0.9953728650140625
3,0.9666796404920422,0.9666796404920421,0.9861827271080118,0.9930673326154736
4,0.957536386383357,0.957536386383357,0.9816195265088831,0.9907671404063031
5,0.9488325960501108,0.9488325960501108,0.9770774404548944,0.988472276017337
6,0.9404815216196963,0.9404815216196963,0.9725563712461953,0.9861827271080118
7,0.9324256986914142,0.9324256986914146,0.9680562216350057,0.9838984813663479
8,0.9246241821649128,0.9246241821649126,0.9635768948235238,0.9816195265088831
9,0.917046280219714,0.9170462802197141,0.959118294461845,0.9793458502806069
10,0.9096681096972079,0.9096681096972078,0.9546803246458877,0.9770774404548944
11,0.9024705427502221,0.9024705427502221,0.9502628899153326,0.9748142848334408
12,0.8954379056546057,0.8954379056546057,0.9458658952515673,0.9725563712461953
13,0.88855711376614,0.8885571137661401,0.9414892460756438,0.9703036875512964
14,0.8818170737590251,0.881817073759025,0.9371328482462431,0.9680562216350056
15,0.8752082571789965,0.8752082571789964,0.9327966080576517,0.9658139614116436
16,0.8687223879615139,0.8687223879615139,0.9284804322377442,0.9635768948235238
17,0.8623522081788952,0.8623522081788954,0.9241842279459788,0.9613450098408889
18,0.8560912989455345,0.8560912989455345,0.9199079027713983,0.9591182944618449
19,0.8499339411273226,0.8499339411273228,0.9156513647306443,0.9568967367122977
20,0.8438750053639936,0.8438750053639937,0.9114145222659777,0.9546803246458878
21,0.8379098640680109,0.8379098640680109,0.9071972842433093,0.9524690463439267
22,0.8320343201638067,0.8320343201638065,0.9029995599502395,0.9502628899153326
23,0.8262445487614791,0.826244548761479,0.8988212590941076,0.9480618434965662
24,0.8205370489531087,0.8205370489531086,0.8946622918000489,0.9458658952515673
25,0.8149086036234624,0.8149086036234626,0.890522568609062,0.9436750333716909
26,0.8093562456731545,0.8093562456731543,0.8864020004760839,0.9414892460756437
27,0.8038772294221537,0.8038772294221538,0.8823004987680761,0.939308521609421
28,0.7984690062353719,0.7984690062353716,0.8782179752621161,0.9371328482462431
29,0.7931292036173965,0.7931292036173966,0.8741543421435017,0.9349622142864928
30,0.7878556071791737,0.7878556071791737,0.8701095120038603,0.9327966080576517
31,0.7826461449988295,0.7826461449988296,0.8660833978392704,0.9306360179142382
32,0.777498873991241,0.777498873991241,0.8620759130483886,0.9284804322377443
33,0.7724119679731717,0.7724119679731716,0.8580869714305883,0.9263298394365737
34,0.7673837071676712,0.7673837071676712,0.8541164871841046,0.9241842279459787
35,0.7624124689366257,0.7624124689366258,0.8501643749041892,0.9220435862279989
36,0.7574967195664803,0.7574967195664803,0.8462305495812722,0.9199079027713982
37,0.7526350069612878,0.7526350069612878,0.8423149265991356,0.917777166091604
38,0.7478259541208463,0.7478259541208462,0.8384174217330913,0.9156513647306442
39,0.7430682533009569,0.7430682533009569,0.8345379511481708,0.913530487257087
40,0.7383606607686506,0.7383606607686506,0.8306764313973203,0.9114145222659776
41,0.7337019920782725,0.7337019920782725,0.8268327794196081,0.9093034583787791
42,0.7290911178051458,0.7290911178051458,0.8230069125384356,0.9071972842433093
43,0.7245269596825485,0.7245269596825485,0.8191987484597606,0.9050959885336807
44,0.720008487095297,0.7200084870952971,0.8154082052703264,0.9029995599502396
45,0.71553471388958,0.71553471388958,0.8116352014358995,0.9009079872195048
46,0.7111046954640591,0.7111046954640593,0.807879655799517,0.8988212590941077
47,0.7067175261117982,0.7067175261117982,0.8041414875797399,0.8967393643527309
48,0.7023723365864615,0.7023723365864614,0.8004206163689158,0.8946622918000489
49,0.6980682918695311,0.6980682918695311,0.7967169621314496,0.8925900302666671
50,0.6938045891181321,0.6938045891181321,0.7930304452020813,0.8905225686090619
51,0.6895804557754981,0.6895804557754981,0.7893609862841732,0.8884598957095211
52,0.6853951478282104,0.6853951478282104,0.7857085064480036,0.886402000476084
53,0.6812479481961788,0.6812479481961788,0.7820729271290693,0.8843488718424812
54,0.6771381652429078,0.6771381652429076,0.7784541701263957,0.882300498768076
55,0.673065131394972,0.673065131394972,0.774852157600855,0.8802568702378045
56,0.6690282018608331,0.6690282018608331,0.7712668120734909,0.8782179752621162
57,0.6650267534401795,0.6650267534401795,0.7676980564238532,0.8761838028769153
58,0.6610601834158951,0.6610601834158949,0.7641458138883381,0.8741543421435016
59,0.6571279085215815,0.6571279085215815,0.7606100080585377,0.8721295821485118
60,0.6532293639782683,0.6532293639782683,0.757090562879596,0.8701095120038603
61,0.6493640025945839,0.6493640025945837,0.7535874026485726,0.8680941208466814
62,0.6455312939252225,0.6455312939252222,0.7501004520128156,0.8660833978392702
63,0.6417307234830328,0.6417307234830327,0.7466296359683396,0.864077332169025
64,0.637961792000507,0.6379617920005067,0.7431748798582126,0.8620759130483885
65,0.6342240147368343,0.6342240147368343,0.7397361093709508,0.8600791297147902
66,0.6305169208270419,0.6305169208270418,0.7363132505389193,0.8580869714305883
67,0.6268400526700565,0.6268400526700566,0.7329062297367414,0.8560994274830123
68,0.6231929653528036,0.6231929653528037,0.729514973679715,0.8541164871841047
69,0.6195752261077173,0.6195752261077173,0.7261394094222363,0.8521381398706646
70,0.6159864138012552,0.615986413801255,0.7227794643562305,0.8501643749041891
71,0.6124261184512222,0.6124261184512222,0.7194350662095907,0.8481951816708173
72,0.6088939407708932,0.6088939407708931,0.716106143044622,0.8462305495812722
73,0.6053894917380843,0.6053894917380842,0.7127926232564955,0.8442704680708046
74,0.6019123921874825,0.6019123921874825,0.7094944355717073,0.8423149265991356
75,0.5984622724246719,0.598462272424672,0.7062115090465454,0.8403639146504004
76,0.5950387718604259,0.5950387718604258,0.7029437730655643,0.8384174217330913
77,0.5916415386639398,0.5916415386639398,0.6996911573400658,0.8364754373800021
78,0.5882702294337894,0.5882702294337891,0.6964535919065864,0.8345379511481706
79,0.5849245088854849,0.5849245088854849,0.6932310071253937,0.8326049526188237
80,0.5816040495545836,0.5816040495545836,0.6900233336789872,0.8306764313973204
81,0.5783085315143948,0.5783085315143948,0.6868305025706078,0.8287523771130964
82,0.5750376421073864,0.5750376421073862,0.6836524451227542,0.8268327794196081
83,0.5717910756894657,0.5717910756894656,0.6804890929757051,0.8249176279942775
84,0.5685685333863647,0.5685685333863648,0.6773403780860484,0.8230069125384357
85,0.5653697228614198,0.5653697228614198,0.6742062327252183,0.8211006227772686
86,0.5621943580940787,0.5621943580940787,0.6710865894780383,0.8191987484597607
87,0.5590421591685193,0.5590421591685192,0.6679813812412709,0.8173012793586407
88,0.5559128520718053,0.5559128520718051,0.6648905412221746,0.8154082052703263
89,0.5528061685010415,0.5528061685010415,0.6618140029370666,0.8135195160148689
90,0.5497218456790299,0.5497218456790298,0.6587517002098932,0.8116352014358995
91,0.5466596261779573,0.5466596261779573,0.6557035671708061,0.8097552514005736
92,0.54361925775068,0.54361925775068,0.6526695382547462,0.807879655799517
93,0.5406004931691962,0.5406004931691961,0.6496495482000318,0.8060084045467714
94,0.5376030900699245,0.5376030900699243,0.646643532046957,0.8041414875797399
95,0.5346268108054295,0.5346268108054293,0.6436514251363924,0.8022788948591334
96,0.5316714223022605,0.5316714223022603,0.6406731631083953,0.8004206163689159
97,0.528736695924588,0.528736695924588,0.6377086819008251,0.7985666421162514
98,0.5258224073433425,0.5258224073433424,0.6347579177479657,0.7967169621314496
99,0.5229283364105777,0.5229283364105777,0.6318208071791533,0.7948715664679127
100,0.520054267038799,0.5200542670387989,0.6288972870174113,0.7930304452020813
101,0.5171999870850106,0.5171999870850104,0.625987294378092,0.7911935884333821
102,0.5143652882392509,0.5143652882392507,0.6230907666675226,0.7893609862841732
103,0.5115499659173994,0.5115499659173992,0.6202076415816606,0.7875326288996924
104,0.5087538191580504,0.5087538191580503,0.6173378571047525,0.7857085064480036
105,0.5059766505232584,0.5059766505232582,0.6144813515079994,0.7838886091199434
106,0.5032182660029763,0.5032182660029761,0.6116380633482306,0.7820729271290693
107,0.5004784749230138,0.5004784749230137,0.6088079314665809,0.7802614507116066
108,0.49775708985635103,0.49775708985635103,0.6059908949871756,0.7784541701263958
109,0.49505392653765734,0.49505392653765734,0.603186893315821,0.7766510756548406
110,0.49236880378086867,0.49236880378086845,0.6003958661387002,0.774852157600855
111,0.48970154339968697,0.48970154339968686,0.5976177534210777,0.7730574062908121
112,0.48705197013087087,0.48705197013087076,0.5948524954060057,0.771266812073491
113,0.4844199115601968,0.4844199115601967,0.5921000326130402,0.7694803653200257
114,0.4818051980509712,0.4818051980509711,0.5893603058369618,0.7676980564238532
115,0.4792076626749858,0.4792076626749856,0.5866332561465006,0.7659198758006615
116,0.4766271411458105,0.4766271411458103,0.5839188248830709,0.7641458138883382
117,0.47406347175432506,0.47406347175432506,0.5812169536595069,0.7623758611469194
118,0.4715164953063936,0.4715164953063935,0.578527584358809,0.7606100080585378
119,0.46898605506259516,0.46898605506259505,0.5758506591328925,0.7588482451273723
120,0.4664719966799229,0.4664719966799229,0.5731861204013434,0.757090562879596
121,0.4639741681553725,0.4639741681553724,0.5705339108501806,0.7553369518633261
122,0.46149241977134237,0.46149241977134225,0.5678939734306219,0.7535874026485726
123,0.45902660404277285,0.4590266040427726,0.5652662513578581,0.7518419058271879
124,0.4565765756659539,0.45657657566595367,0.5626506881098303,0.7501004520128156
125,0.4541421914689371,0.454142191468937,0.5600472274260155,0.748363031840841
126,0.4517233103634867,0.4517233103634867,0.5574558133062154,0.7466296359683396
127,0.4493197932985098,0.4493197932985098,0.554876390009352,0.744900255074028
128,0.44693150321491126,0.44693150321491093,0.5523089020522689,0.7431748798582127
129,0.44455830500181326,0.4445583050018127,0.5497532942085381,0.7414535010427411
130,0.44220006545409374,0.4422000654540935,0.5472095115072715,0.7397361093709509
131,0.43985665323118883,0.4398566532311885,0.5446774992319384,0.7380226956076205
132,0.43752793881711394,0.4375279388171137,0.5421572029191893,0.7363132505389193
133,0.43521379448165864,0.4352137944816582,0.5396485683576838,0.7346077649723585
134,0.4329140942427103,0.4329140942427102,0.5371515415869251,0.7329062297367414
135,0.4306287138296675,0.4306287138296673,0.5346660688960979,0.7312086356821136
136,0.4283575306479004,0.42835753064790005,0.532192096822915,0.7295149736797149
137,0.4261004237442234,0.4261004237442232,0.5297295721524664,0.7278252346219293
138,0.4238572737733417,0.42385727377334137,0.527278441916074,0.7261394094222362
139,0.4216279629652375,0.4216279629652373,0.5248386533901535,0.7244574890151619
140,0.41941237509346485,0.4194123750934644,0.5224101540950795,0.7227794643562305
141,0.4172103954443158,0.4172103954443155,0.5199928917940572,0.7211053264219154
142,0.4150219107868358,0.4150219107868355,0.5175868144919982,0.7194350662095907
143,0.4128468093436499,0.4128468093436497,0.5151918704344023,0.7177686747374827
144,0.41068498076257975,0.41068498076257953,0.5128080081062447,0.7161061430446221
145,0.40853631608901897,0.4085363160890185,0.5104351762308673,0.7144474621907949
146,0.40640070773904435,0.40640070773904424,0.5080733237688764,0.7127926232564955
147,0.40427804947323764,0.4042780494732374,0.5057223999170438,0.7111416173428776
148,0.40216823637119203,0.4021682363711918,0.5033823541072154,0.7094944355717072
149,0.4000711648066845,0.40007116480668414,0.5010531360052224,0.7078510690853143
150,0.39798673242348803,0.39798673242348803,0.4987346955097989,0.7062115090465454
151,0.39591483811180783,0.3959148381118075,0.49642698275150465,0.7045757466387164
152,0.39385538198531356,0.3938553819853131,0.4941299480916516,0.7029437730655643
153,0.391808265358758,0.3918082653587577,0.4918435421212373,0.7013155795512013
154,0.3897733907261556,0.38977339072615524,0.4895677156598807,0.6996911573400658
155,0.38775066173950634,0.3877506617395059,0.4873024197547654,0.6980704976968769
156,0.3857399831880479,0.3857399831880475,0.48504760567958616,0.6964535919065865
157,0.3837412609780194,0.38374126097801875,0.4828032249335008,0.6948404312743328
158,0.38175440211291833,0.3817544021129179,0.4805692292400876,0.6932310071253937
159,0.3797793146742401,0.37977931467423975,0.4783455705463057,0.6916253108051394
160,0.3778159078026808,0.3778159078026804,0.4761322010214627,0.690023333678987
161,0.3758640916797913,0.37586409167979096,0.473929073056185,0.6884250671323532
162,0.3739237775100691,0.3739237775100688,0.47173613926139374,0.6868305025706078
163,0.3719948775034736,0.3719948775034735,0.46955335246728624,0.6852396314190287
164,0.37007730485835333,0.370077304858353,0.4673806657223207,0.6836524451227544
165,0.3681709737447707,0.3681709737447705,0.4652180322922061,0.6820689351467387
166,0.3662757992882165,0.3662757992882162,0.46306540565889787,0.6804890929757051
167,0.3643916975536978,0.3643916975536974,0.4609227395195962,0.6789129101141002
168,0.3625185855301922,0.3625185855301918,0.45878998778575086,0.6773403780860483
169,0.3606563811154553,0.36065638111545506,0.45666710458206966,0.6757714884353065
170,0.3588050031011736,0.35880500310117314,0.4545540442455312,0.6742062327252183
171,0.35696437115844926,0.3569643711584488,0.4524507613244032,0.6726446025386684
172,0.355134405823612,0.35513440582361155,0.450357210577265,0.6710865894780382
173,0.35331502848434426,0.35331502848434393,0.4482733469720338,0.6695321851651598
174,0.35150616136611457,0.3515061613661141,0.44619912568499615,0.6679813812412709
175,0.349707727518907,0.34970772751890644,0.4441345020998444,0.6664341693669709
176,0.3479196508042416,0.34791965080424103,0.44207943180671627,0.6648905412221746
177,0.34614185588247603,0.3461418558824756,0.44003387060124,0.6633504885060687
178,0.34437426820038053,0.3443742682003802,0.4379977744835836,0.6618140029370666
179,0.34261681397898014,0.3426168139789796,0.43597109965750774,0.6602810762527636
180,0.34086942020165434,0.340869420201654,0.43395380252942495,0.6587517002098932
181,0.339132014602491,0.33913201460249065,0.43194583970746037,0.657225866584282
182,0.3374045256548831,0.33740452565488277,0.42994716800051985,0.6557035671708061
183,0.3356868825603663,0.33568688256036583,0.42795774441735984,0.6541847937833467
184,0.33397901523768736,0.3339790152376869,0.4259775261656634,0.652669538254746
185,0.33228085431209975,0.3322808543120992,0.42400647065111924,0.6511577924367635
186,0.33059233110487796,0.3305923311048774,0.4220445354765055,0.6496495482000318
187,0.3289133776230492,0.3289133776230486,0.42009167844077844,0.6481447974340135
188,0.3272439265493301,0.32724392654932966,0.4181478575381639,0.646643532046957
189,0.3255839112322706,0.32558391123227004,0.41621303095725426,0.6451457439658532
190,0.3239332656765931,0.32393326567659275,0.41428715708010894,0.6436514251363924
191,0.3222919245337269,0.32229192453372646,0.4123701944813589,0.6421605675229202
192,0.3206598230925297,0.3206598230925295,0.4104621019273163,0.6406731631083952
193,0.3190368972701936,0.31903689727019313,0.40856283837508706,0.6391892038943454
194,0.3174230836033275,0.31742308360332694,0.4066723629716877,0.6377086819008251
195,0.3158183192392179,0.31581831923921755,0.4047906350531676,0.6362315891663723
196,0.31422254192725685,0.3142225419272563,0.4029176141437332,0.6347579177479657
197,0.31263569001053493,0.3126356900105346,0.4010532599548783,0.633287659720982
198,0.31105770241759967,0.3110577024175992,0.3991975323845167,0.6318208071791532
199,0.3094885186543681,0.30948851865436766,0.3973503915161205,0.6303573522345246
200,0.3079280787961941,0.3079280787961939,0.39551179761786026,0.6288972870174113
201,0.3063763234800887,0.30637632348008825,0.3936817111417516,0.6274406036763572
202,0.30483319389708174,0.3048331938970814,0.39186009272280387,0.6259872943780919
203,0.3032986317847317,0.3032986317847314,0.39004690317817353,0.6245373513074887
204,0.3017725794197721,0.30177257941977176,0.3882421035063211,0.6230907666675226
205,0.30025497961089465,0.3002549796108943,0.3864456548861731,0.621647532679229
206,0.2987457756916665,0.29874577569166616,0.3846575186762858,0.6202076415816608
207,0.29724491151357646,0.2972449115135759,0.38287765641401483,0.6187710856318472
208,0.2957523314392083,0.295752331439208,0.3811060298146877,0.6173378571047524
209,0.2942679803355386,0.29426798033553825,0.3793426007707805,0.6159079482932336
210,0.2927918035673541,0.2927918035673538,0.3775873313510974,0.6144813515079993
211,0.2913237469907901,0.29132374699078967,0.375840183799956,0.6130580590775689
212,0.2898637569469804,0.2898637569469802,0.3741011205363741,0.6116380633482306
213,0.28841178025582526,0.2884117802558247,0.3723701041532618,0.6102213566840002
214,0.2869677642098638,0.28696776420986336,0.370647097416617,0.6088079314665809
215,0.2855316565682603,0.28553165656825985,0.36893206326472444,0.6073977800953214
216,0.28410340555089064,0.2841034055508902,0.3672249648073581,0.6059908949871756
217,0.28268295983253566,0.2826829598325352,0.3655257653249883,0.6045872685766616
218,0.2812702685371733,0.28127026853717274,0.36383442826799145,0.6031868933158209
219,0.2798652812323692,0.27986528123236876,0.36215091725586407,0.6017897616741781
220,0.2784679479237655,0.27846794792376495,0.3604751960764402,0.6003958661387003
221,0.2770782190496607,0.27707821904966035,0.3588072286851122,0.5990051992137566
222,0.2756960454756856,0.27569604547568505,0.357146979204056,0.5976177534210777
223,0.27432137848956584,0.2743213784895654,0.355494411921459,0.5962335212997161
224,0.272954169795975,0.27295416979597453,0.35384949129075194,0.5948524954060056
225,0.27159437151147303,0.2715943715114726,0.3522121819298443,0.5934746683135215
226,0.27024193615952896,0.27024193615952863,0.3505824486203634,0.5921000326130403
227,0.26889681666562704,0.2688968166656265,0.3489602563068965,0.5907285809125004
228,0.2675589663524536,0.26755896635245313,0.34734557009623707,0.5893603058369618
229,0.26622833893516185,0.2662283389351614,0.3457383552566345,0.587995200028567
230,0.26490488851671623,0.2649048885167161,0.34413857721704594,0.5866332561465007
231,0.26358856958331156,0.2635885695833112,0.3425462015663942,0.5852744668669514
232,0.2622793369998655,0.2622793369998653,0.34096119405282627,0.5839188248830708
233,0.2609771460055861,0.26097714600558597,0.33938352058297755,0.5825663229049355
234,0.25968195220960855,0.25968195220960844,0.33781314722123734,0.5812169536595069
235,0.258393711586703,0.25839371158670277,0.3362500401890202,0.579870709890593
236,0.25711238047304985,0.2571123804730494,0.3346941658640388,0.5785275843588089
237,0.25583791556208235,0.2558379155620819,0.3331454907795801,0.5771875698415379
238,0.254570273900395,0.25457027390039455,0.33160398162378657,0.5758506591328924
239,0.25330941288371667,0.25330941288371644,0.330069605238939,0.5745168450436758
240,0.2520552902529448,0.2520552902529444,0.32854232862074334,0.5731861204013434
241,0.2508078640902439,0.25080786409024347,0.32702211891762095,0.5718584780499638
242,0.24956709281520206,0.24956709281520162,0.3255089434300018,0.5705339108501806
243,0.2483329351810487,0.24833293518104838,0.3240027696096212,0.5692124116791738
244,0.24710535027092972,0.2471053502709295,0.32250356505882,0.567893973430622
245,0.245884297494239,0.24588429749423857,0.32101129752984675,0.5665785890146633
246,0.24466973658300617,0.24466973658300595,0.31952593492416526,0.5652662513578581
247,0.2434616275883401,0.2434616275883399,0.3180474452917632,0.5639569534031504
248,0.24225993087692466,0.2422599308769242,0.31657579683046555,0.5626506881098303
249,0.24106460712756705,0.2410646071275666,0.3151109578852503,0.5613474484534959
250,0.23987561732779983,0.2398756173277995,0.3136528969475673,0.5600472274260156
251,0.23869292277053056,0.2386929227705299,0.31220158265466047,0.5587500180354901
252,0.23751648505074385,0.2375164850507432,0.3107569837888941,0.5574558133062154
253,0.2363462660622504,0.23634626606225007,0.30931906927708,0.5561646062786448
254,0.23518222799448485,0.2351822279944844,0.3078878081898105,0.554876390009352
255,0.23402433332934924,0.2340243333293487,0.30646316974079174,0.5535911575709928
256,0.23287254483810438,0.23287254483810382,0.3050451232861828,0.5523089020522689
257,0.23172682557830426,0.2317268255783036,0.3036336383239357,0.5510296165578904
258,0.23058713889077675,0.2305871388907761,0.3022286844931395,0.5497532942085381
259,0.22945344839664605,0.2294534483966455,0.3008302315733675,0.5484799281408277
260,0.2283257179943995,0.22832571799439882,0.2994382494840267,0.5472095115072715
261,0.22720391185699418,0.22720391185699362,0.29805270828371117,0.5459420374762427
262,0.22608799442900718,0.2260879944290065,0.29667357816955814,0.5446774992319383
263,0.22497793042382397,0.2249779304238234,0.29530082947660663,0.5434158899743424
264,0.22387368482086756,0.223873684820867,0.2939344326771591,0.5421572029191893
265,0.22277522286286666,0.22277522286286622,0.2925743583801469,0.5409014312979278
266,0.22168251005316164,0.22168251005316109,0.2912205773304979,0.5396485683576839
267,0.22059551215304785,0.22059551215304707,0.289873060408507,0.5383986073612255
268,0.21951419517915605,0.2195141951791556,0.28853177862921003,0.537151541586925
269,0.21843852540086972,0.21843852540086928,0.28719670314176005,0.5359073643287243
270,0.21736846933777654,0.21736846933777598,0.2858678052288069,0.5346660688960979
271,0.21630399375715603,0.2163039937571556,0.28454505630587956,0.5334276486140174
272,0.21524506567150048,0.21524506567150004,0.2832284279207711,0.5321920968229151
273,0.2141916523360704,0.21419165233606985,0.2819178917529267,0.530959406878649
274,0.21314372124648284,0.2131437212464824,0.280613419612835,0.5297295721524663
275,0.21210124013633203,0.2121012401363317,0.27931498344142097,0.5285025860309682
276,0.21106417697484225,0.2110641769748417,0.2780225553094426,0.527278441916074
277,0.2100324999645513,0.21003249996455087,0.2767361074168905,0.5260571332249858
278,0.20900617753902728,0.20900617753902684,0.2754556120923896,0.5248386533901535
279,0.2079851783606117,0.20798517836061114,0.27418104179260416,0.5236229958592385
280,0.20696947131819665,0.20696947131819599,0.27291236910164485,0.5224101540950796
281,0.2059590255250281,0.20595902552502765,0.2716495667304795,0.5212001215756569
282,0.20495381031654025,0.2049538103165396,0.27039260751634614,0.5199928917940573
283,0.2039537952482161,0.20395379524821544,0.26914146442216835,0.5187884582584392
284,0.20295895009347809,0.20295895009347764,0.2678961105359741,0.5175868144919982
285,0.20196924484160428,0.2019692448416036,0.2666565190703165,0.516387954032931
286,0.20098464969567276,0.2009846496956721,0.26542266336169795,0.5151918704344023
287,0.20000513507053141,0.20000513507053086,0.26419451686999634,0.5139985572645086
288,0.19903067159079502,0.19903067159079457,0.26297205317789435,0.5128080081062447
289,0.1980612300888669,0.1980612300888661,0.2617552459903111,0.5116202165574686
290,0.1970967816029855,0.19709678160298472,0.2605440691338366,0.5104351762308673
291,0.19613729737529795,0.1961372973752974,0.2593384965561689,0.5092528807539226
292,0.1951827488499549,0.19518274884995435,0.25813850232555346,0.5080733237688764
293,0.1942331076712318,0.19423310767123103,0.2569440606302254,0.5068964989326967
294,0.19328834568167175,0.1932883456816712,0.2557551457778544,0.5057223999170438
295,0.19234843492025433,0.19234843492025366,0.25457173219499213,0.504551020408236
296,0.1914133476205837,0.19141334762058293,0.25339379442652205,0.5033823541072154
297,0.19048305620910222,0.19048305620910155,0.25222130713511154,0.5022163947295145
298,0.1895575333033246,0.18955753330332392,0.25105424510066776,0.5010531360052223
299,0.18863675171009398,0.1886367517100932,0.24989258321979435,0.4998925716789502
300,0.18772068442386014,0.18772068442385947,0.24873629650525175,0.4987346955097988
301,0.18680930462497758,0.1868093046249769,0.2475853600854198,0.4975795012713243
302,0.18590258567802564,0.1859025856780251,0.24643974920376258,0.49642698275150454
303,0.18500050113014788,0.18500050113014754,0.2452994392182962,0.4952771337527064
304,0.18410302470941242,0.18410302470941187,0.24416440560105837,0.49412994809165167
305,0.18321013032319133,0.18321013032319078,0.2430346239375811,0.4929854195993844
306,0.18232179205656018,0.18232179205655974,0.24191006992636535,0.4918435421212373
307,0.18143798417071655,0.18143798417071622,0.24079071937835847,0.490704309516799
308,0.18055868110141682,0.18055868110141648,0.2396765482164338,0.4895677156598807
309,0.17968385745743243,0.1796838574574322,0.23856753247487283,0.4884337544384835
310,0.17881348801902408,0.17881348801902364,0.23746364829884958,0.4873024197547654
311,0.17794754773643318,0.17794754773643262,0.23636487194391756,0.4861737055250084
312,0.17708601172839256,0.1770860117283919,0.23527117977549925,0.4850476056795861
313,0.17622885528065324,0.17622885528065302,0.23418254826837728,0.4839241141629308
314,0.17537605384453048,0.17537605384453014,0.23309895400618863,0.48280322493350086
315,0.1745275830354629,0.17452758303546234,0.23202037368092118,0.4816849319637487
316,0.17368341863159253,0.17368341863159187,0.23094678409241187,0.4805692292400876
317,0.17284353657235874,0.17284353657235818,0.22987816214784812,0.47945611076286027
318,0.17200791295710938,0.17200791295710893,0.22881448486127084,0.47834557054630583
319,0.17117652404372818,0.17117652404372752,0.22775572935307997,0.47723760261852793
320,0.17034934624727582,0.1703493462472755,0.22670187284954263,0.47613220102146275
321,0.1695263561386493,0.16952635613864897,0.22565289268230293,0.47502935981084676
322,0.16870753044325482,0.16870753044325437,0.22460876628789467,0.4739290730561849
323,0.1678928460396958,0.16789284603969534,0.2235694712072557,0.47283133484071854
324,0.16708227995847702,0.16708227995847658,0.22253498508524502,0.4717361392613937
325,0.16627580938072106,0.16627580938072073,0.221505285670162,0.4706434804288295
326,0.16547341163690188,0.16547341163690144,0.22048035081326756,0.46955335246728624
327,0.16467506420558964,0.16467506420558908,0.2194601584683077,0.4684657495146339
328,0.16388074471221248,0.16388074471221215,0.2184446866910396,0.4673806657223206
329,0.1630904309278297,0.16309043092782916,0.21743391363875933,0.46629809525534127
330,0.1623041007679198,0.16230410076791923,0.21642781756983212,0.4652180322922061
331,0.1615217322911815,0.16152173229118083,0.21542637684322466,0.4641404710249093
332,0.16074330369834777,0.16074330369834733,0.21442956991803958,0.4630654056588978
333,0.15996879333101366,0.1599687933310131,0.2134373753530523,0.4619928304130404
334,0.15919817967047578,0.15919817967047534,0.21244977180624955,0.4609227395195962
335,0.1584314413365855,0.15843144133658504,0.21146673803437038,0.4598551272241839
336,0.15766855708661398,0.15766855708661331,0.2104882528924495,0.4587899877857509
337,0.15690950581412932,0.15690950581412888,0.20951429533336197,0.45772731547654216
338,0.156154266547887,0.15615426654788644,0.20854484440737095,0.45666710458206966
339,0.15540281845073056,0.15540281845073,0.2075798792616767,0.45560934940108144
340,0.1546551408185055,0.15465514081850495,0.20661937913996828,0.45455404424553114
341,0.15391121307898437,0.1539112130789838,0.20566332338197704,0.4535011834405474
342,0.1531710147908023,0.15317101479080186,0.20471169142303214,0.45245076132440326
343,0.152434525642406,0.15243452564240556,0.20376446279361818,0.45140277224848563
344,0.15170172545101202,0.15170172545101157,0.20282161711893507,0.4503572105772651
345,0.15097259416157582,0.15097259416157538,0.2018831341184596,0.44931407068826545
346,0.15024711184577444,0.1502471118457741,0.20094899360550936,0.44827334697203375
347,0.1495252587009963,0.14952525870099598,0.20001917548680842,0.44723503383210983
348,0.14880701504934346,0.14880701504934313,0.19909365976205504,0.4461991256849962
349,0.14809236133664505,0.1480923613366446,0.19817242652349168,0.4451656169601283
350,0.14738127813147806,0.14738127813147783,0.1972554559554767,0.4441345020998444
351,0.14667374612420248,0.14667374612420214,0.1963427283340581,0.4431057755593557
352,0.1459697461260019,0.14596974612600144,0.19543422402654914,0.4420794318067163
353,0.14526925906793775,0.14526925906793742,0.19452992349110634,0.441055465322794
354,0.14457226600001105,0.14457226600001083,0.19362980727630888,0.44003387060124005
355,0.14387874809023438,0.14387874809023415,0.19273385602074036,0.43901464214846
356,0.14318868662371387,0.14318868662371353,0.19184205045257213,0.43799777448358357
357,0.14250206300173907,0.14250206300173895,0.19095437138914906,0.43698326213843597
358,0.14181885874088462,0.14181885874088418,0.1900707997365766,0.4359710996575078
359,0.1411390554721177,0.14113905547211747,0.1891913164893104,0.43496128159792613
360,0.14046263493991773,0.14046263493991729,0.18831590272974713,0.43395380252942495
361,0.1397895790014021,0.13978957900140165,0.18744453962781793,0.4329486570343162
362,0.13911986962546308,0.13911986962546263,0.1865772084405831,0.4319458397074604
363,0.1384534888919119,0.13845348889191122,0.1857138905118291,0.430945345156238
364,0.1377904189906317,0.13779041899063116,0.1848545672716673,0.4299471680005199
365,0.137130642220739,0.13713064222073834,0.1839992202361342,0.42895130287263866
366,0.13647414098975363,0.13647414098975297,0.18314783100679433,0.4279577444173599
367,0.1358208978127764,0.13582089781277573,0.1823003812703442,0.42696648729185316
368,0.13517089531167548,0.13517089531167492,0.18145685279821852,0.4259775261656635
369,0.13452411621428073,0.1345241162142803,0.18061722744619774,0.42499085572068224
370,0.133880543353585,0.13388054335358424,0.1797814871540184,0.4240064706511192
371,0.1332401596669539,0.13324015966695313,0.17894961394498415,0.4230243656634735
372,0.13260294819534457,0.13260294819534402,0.17812158992557936,0.42204453547650556
373,0.1319688920825295,0.13196889208252915,0.1772973972850839,0.4210669748212081
374,0.13133797457432983,0.13133797457432939,0.17647701829519039,0.42009167844077844
375,0.13071017901785487,0.1307101790178543,0.1756604353096228,0.41911864109059
376,0.1300854888607499,0.13008548886074922,0.17484763076375662,0.4181478575381639
377,0.1294638876504508,0.12946388765045025,0.1740385871742414,0.41717932256314116
378,0.12884535903344596,0.1288453590334453,0.1732332871386243,0.41621303095725426
379,0.12822988675454416,0.1282298867545435,0.1724317133349762,0.4152489775242995
380,0.12761745465615193,0.12761745465615104,0.1716338485215188,0.4142871570801089
381,0.12700804667755472,0.12700804667755394,0.17083967553625382,0.4133275644525221
382,0.12640164685420774,0.12640164685420696,0.17004917729659377,0.4123701944813589
383,0.12579823931703094,0.12579823931703027,0.1692623367989948,0.41141504201839146
384,0.125197808291713,0.12519780829171234,0.1684791371185907,0.4104621019273164
385,0.12460033809801963,0.12460033809801885,0.16769956140882863,0.4095113690837272
386,0.12400581314911063,0.12400581314910974,0.1669235929011075,0.40856283837508706
387,0.1234142179508615,0.12341421795086072,0.16615121490441637,0.4076165047007007
388,0.1228255371011917,0.12282553710119082,0.16538241080497615,0.40667236297168774
389,0.12223975528940068,0.12223975528939979,0.16461716406588175,0.40573040811095457
390,0.12165685729550813,0.12165685729550724,0.16385545822674671,0.4047906350531676
391,0.12107682798960073,0.12107682798959996,0.16309727690334888,0.40385303874472567
392,0.12049965233118676,0.12049965233118587,0.16234260378727824,0.40291761414373317
393,0.11992531536855355,0.11992531536855267,0.16159142264558599,0.4019843562199728
394,0.11935380223813397,0.11935380223813308,0.16084371732043518,0.4010532599548783
395,0.11878509816387628,0.1187850981638755,0.16009947172875355,0.4001243203415078
396,0.11821918845662105,0.11821918845662027,0.15935866986188732,0.3991975323845168
397,0.1176560585134836,0.11765605851348282,0.1586212957852569,0.39827289110013114
398,0.11709569381724161,0.11709569381724083,0.15788733363801422,0.39735039151612045
399,0.11653807993572918,0.11653807993572851,0.15715676763270137,0.39643002867177124
400,0.1159832025212344,0.11598320252123373,0.15642958205491125,0.39551179761786026
401,0.11543104730990539,0.11543104730990483,0.1557057612629494,0.3945956934166279
402,0.114881600121159,0.11488160012115833,0.15498528968749756,0.3936817111417516
403,0.1143348468570956,0.11433484685709483,0.15426815183127887,0.39276984587831953
404,0.11379077350192035,0.1137907735019198,0.15355433226872445,0.39186009272280387
405,0.11324936612136771,0.11324936612136716,0.1528438156456416,0.3909524467830347
406,0.11271061086213219,0.11271061086213152,0.15213658667888344,0.3900469031781735
407,0.1121744939513043,0.11217449395130386,0.15143263015602046,0.389143457038687
408,0.11164100169581093,0.11164100169581037,0.150731930935013,0.38824210350632116
409,0.11111012048186064,0.11111012048185998,0.15003447394388567,0.38734283773407463
410,0.1105818367743947,0.11058183677439382,0.1493402441804032,0.3864456548861731
411,0.11005613711654139,0.1100561371165405,0.14864922671174763,0.385550550138043
412,0.10953300812907718,0.1095330081290764,0.14796140667419713,0.3846575186762858
413,0.10901243650989068,0.10901243650989001,0.14727676927280642,0.3837665556986518
414,0.10849440903345298,0.1084944090334522,0.1465952997810884,0.38287765641401483
415,0.10797891255029013,0.10797891255028946,0.14591698354069732,0.38199081604234586
416,0.10746593398646398,0.1074659339864632,0.1452418059611137,0.3811060298146878
417,0.10695546034305292,0.10695546034305214,0.14456975251933027,0.3802232929731295
418,0.10644747869564186,0.10644747869564097,0.14390080875953978,0.3793426007707805
419,0.1059419761938124,0.10594197619381163,0.1432349602928238,0.3784639484717452
420,0.10543894006064036,0.1054389400606397,0.1425721927968435,0.3775873313510975
421,0.10493835759219627,0.10493835759219539,0.14191249201553138,0.3767127446948555
422,0.1044402161570499,0.10444021615704913,0.14125584375878475,0.37584018379995604
423,0.10394450319578041,0.10394450319577975,0.14060223390216037,0.37496964397422944
424,0.10345120622048909,0.10345120622048831,0.13995164838657068,0.37410112053637407
425,0.10296031281431706,0.1029603128143165,0.13930407321798158,0.37323460881593173
426,0.10247181063096722,0.10247181063096644,0.13865949446711107,0.3723701041532618
427,0.10198568739422931,0.10198568739422853,0.13801789826912986,0.3715076018995168
428,0.1015019308975107,0.1015019308975098,0.1373792708233632,0.37064709741661706
429,0.101020529003369,0.10102052900336811,0.13674359839299385,0.3697885860772258
430,0.10054146964305022,0.10054146964304944,0.13611086730476663,0.36893206326472444
431,0.10006474081603023,0.10006474081602934,0.13548106394869447,0.3680775243731875
432,0.0995903305895598,0.09959033058955913,0.1348541747777654,0.3672249648073581
433,0.09911822709821405,0.09911822709821327,0.13423018630765152,0.3663743799826231
434,0.0986484185434453,0.09864841854344442,0.13360908511641847,0.36552576532498837
435,0.09818089319313894,0.09818089319313816,0.1329908578442372,0.36467911627105437
436,0.09771563938117467,0.09771563938117378,0.13237549119309625,0.3638344282679915
437,0.09725264550698998,0.09725264550698931,0.13176297192651604,0.3629916967735158
438,0.0967919000351476,0.09679190003514682,0.13115328686926375,0.3621509172558641
439,0.09633339149490627,0.0963333914949055,0.13054642290707028,0.3613120851937702
440,0.09587710847979625,0.09587710847979547,0.12994236698634795,0.36047519607644013
441,0.09542303964719623,0.09542303964719534,0.12934110611390992,0.3596402454035281
442,0.0949711737179153,0.09497117371791441,0.12874262735669043,0.3588072286851122
443,0.09452149947577826,0.09452149947577748,0.12814691784146673,0.3579761414416703
444,0.0940740057672137,0.09407400576721281,0.12755396475458242,0.357146979204056
445,0.09362868150084513,0.09362868150084436,0.12696375534167145,0.3563197375134746
446,0.09318551564708677,0.09318551564708599,0.12637627690738398,0.35549441192145903
447,0.09274449723774136,0.09274449723774059,0.12579151681511327,0.3546709979898459
448,0.09230561536560145,0.09230561536560056,0.12520946248672393,0.35384949129075194
449,0.09186885918405441,0.09186885918405385,0.12463010140228117,0.3530298874065497
450,0.0914342179066907,0.09143421790668982,0.12405342109978179,0.3522121819298444
451,0.09100168080691351,0.09100168080691262,0.12347940917488574,0.35139637046344935
452,0.09057123721755467,0.09057123721755389,0.12290805328064976,0.3505824486203634
453,0.09014287653048991,0.09014287653048902,0.12233934112726137,0.3497704120237465
454,0.08971658819626138,0.0897165881962606,0.12177326048177488,0.3489602563068965
455,0.08929236172369914,0.08929236172369837,0.12120979916784796,0.3481519771132256
456,0.08887018667954782,0.08887018667954683,0.12064894506547993,0.34734557009623707
457,0.0884500526880958,0.08845005268809492,0.12009068611075101,0.34654103091950167
458,0.08803194943080839,0.08803194943080761,0.11953501029556275,0.34573835525663443
459,0.08761586664596144,0.08761586664596066,0.11898190566737976,0.34493753879127126
460,0.08720179412828033,0.08720179412827955,0.1184313603289727,0.34413857721704594
461,0.08678972172858002,0.08678972172857902,0.11788336243816233,0.34334146623756695
462,0.08637963935340853,0.08637963935340753,0.11733790020756477,0.3425462015663942
463,0.0859715369646945,0.0859715369646935,0.11679496190433787,0.341752778927016
464,0.08556540457939465,0.08556540457939399,0.11625453584992909,0.3409611940528263
465,0.08516123226914729,0.08516123226914651,0.11571661041982392,0.3401714426871014
466,0.0847590101599256,0.08475901015992493,0.11518117404329631,0.3393835205829775
467,0.08435872843169534,0.08435872843169478,0.11464821520315924,0.3385974235034272
468,0.08396037731807493,0.08396037731807393,0.11411772243551738,0.33781314722123734
469,0.08356394710599724,0.08356394710599657,0.1135896843295205,0.3370306875189862
470,0.0831694281353762,0.08316942813537542,0.11306408952711774,0.33625004018902027
471,0.08277681079877275,0.08277681079877197,0.11254092672281367,0.3354712010334325
472,0.08238608554106586,0.08238608554106519,0.1120201846634247,0.3346941658640388
473,0.08199724285912602,0.08199724285912524,0.1115018521478374,0.3339189305023562
474,0.08161027330148873,0.08161027330148796,0.1109859180267673,0.3331454907795801
475,0.08122516746803454,0.08122516746803377,0.11047237120251927,0.33237384253656194
476,0.08084191600966695,0.08084191600966628,0.10996120062874862,0.3316039816237866
477,0.08046050962799689,0.08046050962799611,0.10945239531022365,0.33083590390135054
478,0.08008093907502634,0.08008093907502578,0.10894594430258904,0.330069605238939
479,0.07970319515283708,0.07970319515283641,0.10844183671213055,0.32930508151580434
480,0.07932726871327933,0.07932726871327855,0.1079400616955405,0.32854232862074334
481,0.0789531506576645,0.07895315065766362,0.10744060845968481,0.3277813424520755
482,0.07858083193645915,0.07858083193645848,0.10694346626137058,0.3270221189176209
483,0.07821030354898273,0.07821030354898206,0.10644862440711521,0.326264653934678
484,0.07784155654310543,0.07784155654310476,0.10595607225291612,0.3255089434300018
485,0.07747458201495006,0.07747458201494928,0.10546579920402215,0.3247549833397821
486,0.07710937110859539,0.07710937110859462,0.10497779471470532,0.32400276960962127
487,0.07674591501578165,0.07674591501578087,0.10449204828803436,0.323252298194513
488,0.07638420497561871,0.07638420497561804,0.10400854947564851,0.32250356505881994
489,0.07602423227429678,0.07602423227429589,0.10352728787753311,0.3217565661762524
490,0.07566598824479676,0.07566598824479598,0.10304825314179576,0.3210112975298467
491,0.07530946426660656,0.07530946426660556,0.1025714349644436,0.32026775511194316
492,0.07495465176543603,0.07495465176543548,0.10209682308916185,0.3195259349241652
493,0.07460154221293713,0.07460154221293636,0.10162440730709292,0.3187858329773971
494,0.07425012712642243,0.07425012712642154,0.10115417745661712,0.3180474452917632
495,0.07390039806858983,0.07390039806858906,0.10068612342313384,0.3173107678966061
496,0.07355234664724608,0.07355234664724541,0.10022023513884423,0.3165757968304656
497,0.07320596451503325,0.07320596451503258,0.09975650258253439,0.315842528141057
498,0.07286124336915889,0.07286124336915811,0.09929491577935998,0.3151109578852503
499,0.07251817495112489,0.07251817495112389,0.09883546480063159,0.3143810821290486
500,0.07217675104646115,0.07217675104646049,0.09837813976360126,0.31365289694756726
501,0.07183696348446045,0.07183696348445967,0.0979229308312496,0.3129263984250124
502,0.07149880413791376,0.0714988041379131,0.0974698282120748,0.31220158265466047
503,0.07116226492284983,0.07116226492284916,0.09701882215988138,0.3114784457388366
504,0.0708273377982751,0.0708273377982741,0.09656990297357096,0.31075698378889405
505,0.07049401476591521,0.07049401476591455,0.09612306099693334,0.310037192925193
506,0.07016228786996037,0.0701622878699596,0.09567828661843904,0.30931906927708
507,0.0698321491968098,0.06983214919680913,0.09523557027103227,0.30860260898286695
508,0.0695035908748205,0.06950359087481972,0.0947949024319255,0.30788780818981043
509,0.06917660507405632,0.06917660507405543,0.09435627362239421,0.3071746630540908
510,0.06885118400603885,0.06885118400603818,0.09391967440757333,0.30646316974079174
511,0.06852731992350125,0.06852731992350036,0.0934850953962542,0.30575332442387965
512,0.06820500512014216,0.06820500512014172,0.09305252724068248,0.30504512328618283
513,0.06788423193038406,0.0678842319303834,0.0926219606363572,0.3043385625193712
514,0.06756499272912853,0.06756499272912786,0.09219338632183059,0.3036336383239357
515,0.06724727993151924,0.06724727993151847,0.0917667950785088,0.30293034690916787
516,0.06693108599270214,0.06693108599270114,0.09134217773045367,0.3022286844931395
517,0.06661640340758845,0.06661640340758779,0.09091952514418539,0.3015286473026823
518,0.06630322471062144,0.06630322471062078,0.0904988282284859,0.30083023157336747
519,0.0659915424755414,0.06599154247554073,0.09008007793420354,0.3001334335494857
520,0.06568134931515457,0.0656813493151539,0.08966326525405818,0.29943824948402664
521,0.06537263788110337,0.0653726378811027,0.08924838122244773,0.29874467563865925
522,0.06506540086363777,0.06506540086363688,0.08883541691525505,0.2980527082837112
523,0.06475963099138804,0.0647596309913876,0.08842436344965614,0.29736234369814907
524,0.06445532103114071,0.06445532103113993,0.08801521198392896,0.2966735781695582
525,0.06415246378761319,0.06415246378761241,0.08760795371726345,0.295986407994123
526,0.06385105210323316,0.06385105210323228,0.0872025798895719,0.29530082947660663
527,0.063551078857917,0.06355107885791611,0.08679908178130084,0.2946168389303314
528,0.06325253696885136,0.06325253696885058,0.08639745071324335,0.2939344326771591
529,0.06295541939027505,0.06295541939027427,0.08599767804635228,0.29325360704747055
530,0.06265971911326407,0.06265971911326318,0.0855997551815546,0.29257435838014684
531,0.06236542916551502,0.06236542916551446,0.08520367355956636,0.29189668302254884
532,0.062072542611134596,0.06207254261113382,0.08480942466070847,0.29122057733049783
533,0.061781052550425986,0.0617810525504251,0.08441700000472373,0.29054603766825615
534,0.06149095211967959,0.06149095211967903,0.08402639115059396,0.289873060408507
535,0.0612022344909644,0.061202234490963736,0.08363758969635898,0.28920164193233583
536,0.06091489287192009,0.060914892871919424,0.08325058727893546,0.28853177862921003
537,0.06062892050555169,0.0606289205055508,0.08286537557393726,0.28786346689696013
538,0.060344310670025214,0.060344310670024326,0.08248194629549624,0.28719670314176005
539,0.06006105667846373,0.060061056678463065,0.08210029119608414,0.28653148377810794
540,0.05977915187874694,0.05977915187874616,0.08172040206633507,0.2858678052288069
541,0.05949858965331001,0.05949858965330934,0.08134227073486906,0.2852056639249457
542,0.059219363418944626,0.05921936341894374,0.08096588906811616,0.28454505630587956
543,0.05894146662660149,0.058941466626600714,0.08059124897014155,0.28388597881921107
544,0.05866489276119413,0.058664892761193244,0.08021834238247139,0.283228427920771
545,0.05838963534140418,0.05838963534140329,0.07984716128391955,0.28257240007459955
546,0.05811568791948707,0.05811568791948618,0.07947769769041492,0.28191789175292675
547,0.05784304408108021,0.05784304408107921,0.07910994365482983,0.281264899436154
548,0.05757169744501167,0.05757169744501078,0.07874389126680903,0.28061341961283504
549,0.057301641663110914,0.05730164166311014,0.0783795326525995,0.2799634487796568
550,0.057032870420019366,0.05703287042001859,0.07801685997488127,0.27931498344142097
551,0.056765377433003916,0.05676537743300314,0.0776558654325985,0.27866802011102476
552,0.05649915645177084,0.05649915645177006,0.07729654126079206,0.2780225553094426
553,0.056234201258280825,0.05623420125828005,0.0769388797304323,0.2773785855657071
554,0.05597050566656536,0.055970505666564474,0.07658287314825278,0.27673610741689053
555,0.05570806352254476,0.05570806352254398,0.07622851385658486,0.2760951174080861
556,0.055446868703847074,0.0554468687038463,0.07587579423319304,0.27545561209238967
557,0.05518691511962781,0.05518691511962692,0.07552470669111083,0.27481758803088063
558,0.054928196710391286,0.05492819671039051,0.07517524367847772,0.2741810417926041
559,0.05467070744781344,0.05467070744781266,0.07482739767837669,0.27354596995455205
560,0.054414441334565744,0.05441444133456497,0.0744811612086724,0.2729123691016448
561,0.054159392404138695,0.05415939240413792,0.07413652682185051,0.2722802358267131
562,0.05390555472066916,0.05390555472066838,0.07379348710485721,0.27164956673047946
563,0.053652922378766954,0.05365292237876629,0.07345203467894,0.27102035842154
564,0.05340148950334289,0.053401489503342225,0.07311216219948878,0.2703926075163461
565,0.05315125024943845,0.053151250249437676,0.072773862355878,0.2697663106391864
566,0.052902198802056155,0.052902198802055156,0.0724371278713093,0.26914146442216835
567,0.05265432937599068,0.052654329375989906,0.07210195150265515,0.2685180655052005
568,0.05240763621566258,0.0524076362156618,0.07176832604030287,0.2678961105359741
569,0.05216211359495104,0.05216211359495038,0.07143624430799961,0.2672755961699452
570,0.0519177558170294,0.05191775581702851,0.07110569916269807,0.2666565190703165
571,0.051674557214200334,0.05167455721419978,0.0707766834944028,0.2660388759080199
572,0.05143251214773392,0.051432512147733256,0.07044919022601724,0.26542266336169795
573,0.05119161500770475,0.05119161500770386,0.07012321231319146,0.2648078781176864
574,0.050951860212830935,0.05095186021283005,0.06979874274417075,0.2641945168699963
575,0.050713242210315035,0.05071324221031426,0.06947577453964476,0.2635825763202962
576,0.05047575547568495,0.05047575547568428,0.06915430075259729,0.26297205317789435
577,0.05023939451263559,0.05023939451263493,0.06883431446815688,0.262362944159721
578,0.0500041538528726,0.050004153852871935,0.06851580880344826,0.2617552459903111
579,0.049770028055956206,0.04977002805595543,0.06819877690744401,0.261148955401786
580,0.049537011709146705,0.04953701170914593,0.06788321196081742,0.2605440691338366
581,0.049305099427250476,0.04930509942724959,0.06756910717579571,0.25994058393370534
582,0.049074285852467314,0.049074285852466315,0.06725645579601404,0.2593384965561689
583,0.04884456565423778,0.048844565654237115,0.06694525109637013,0.2587378037635207
584,0.0486159335290941,0.04861593352909355,0.06663548638287978,0.25813850232555346
585,0.04838838420050895,0.04838838420050817,0.0663271549925326,0.2575405890195419
586,0.048161912418745345,0.04816191241874468,0.06602025029314892,0.25694406063022535
587,0.047936512960711886,0.047936512960711,0.06571476568323714,0.2563489139497906
588,0.047712180629812084,0.04771218062981142,0.06541069459185156,0.2557551457778544
589,0.04748891025580082,0.04748891025580004,0.06510803047845111,0.2551627529214464
590,0.04726669669463779,0.04726669669463701,0.0648067668327588,0.25457173219499213
591,0.047045534828343616,0.04704553482834295,0.06450689717462144,0.25398208042029546
592,0.04682541956485642,0.04682541956485575,0.06420841505387048,0.253393794426522
593,0.04660634583788936,0.046606345837888585,0.06391131405018313,0.25280687105018157
594,0.04638830860678844,0.04638830860678789,0.0636155877729443,0.2522213071351116
595,0.04617130285639337,0.046171302856392704,0.06332122986110912,0.2516370995324599
596,0.04595532359689558,0.045955323596894915,0.06302823398306619,0.2510542451006678
597,0.045740365863701005,0.04574036586370034,0.06273659383650129,0.2504727407054534
598,0.04552642471729107,0.04552642471729029,0.06244630314826184,0.24989258321979435
599,0.04531349524308603,0.04531349524308548,0.06215735567422207,0.24931376952391152
600,0.0451015725513082,0.045101572551307756,0.0618697451991485,0.24873629650525172
601,0.0448906517768467,0.044890651776845925,0.06158346553656651,0.2481601610584715
602,0.04468072807912238,0.04468072807912182,0.061298510528626976,0.2475853600854198
603,0.044471796641954775,0.04447179664195444,0.06101487404597412,0.24701189049512196
604,0.04426385267342847,0.04426385267342803,0.06073254998761341,0.2464397492037626
605,0.044056891405760856,0.0440568914057603,0.06045153228078053,0.2458689331346694
606,0.043850908095171115,0.04385090809517056,0.06017181488081059,0.2452994392182962
607,0.043645898021749896,0.04364589802174934,0.05989339177100824,0.24473126439220683
608,0.043441856489328745,0.04344185648932819,0.05961625696251814,0.24416440560105837
609,0.0432387788253521,0.043238778825351765,0.05934040449419626,0.24359885979658497
610,0.043036660380748826,0.04303666038074827,0.05906582843248147,0.2430346239375811
611,0.04283549652980423,0.042835496529803785,0.058792522871268155,0.2424716949898857
612,0.0426352826700348,0.04263528267003447,0.05852048193177897,0.24191006992636535
613,0.042436014222061225,0.04243601422206078,0.05824969976243852,0.2413497457268984
614,0.04223768662948402,0.04223768662948357,0.05798017053874738,0.24079071937835847
615,0.04204029535875897,0.04204029535875853,0.05771188846315692,0.24023298787459835
616,0.04184383589907403,0.04184383589907359,0.05744484776494452,0.2396765482164338
617,0.04164830376222617,0.041648303762225725,0.05717904270008951,0.23912139741162752
618,0.04145369448249947,0.041453694482499026,0.056914467551149504,0.23856753247487283
619,0.04126000361654447,0.04126000361654392,0.05665111662713757,0.2380149504277779
620,0.04106722674325658,0.041067226743256025,0.056388984263399715,0.23746364829884956
621,0.04087535946365728,0.040875359463656946,0.056128064821493066,0.23691362312347736
622,0.04068439740077512,0.04068439740077456,0.05586835268906456,0.2363648719439176
623,0.040494336199526026,0.04049433619952558,0.055609842279730294,0.2358173918092775
624,0.04030517152659785,0.040305171526597294,0.05535252803295528,0.23527117977549925
625,0.04011689907033167,0.040116899070331,0.0550964044139339,0.23472623290534422
626,0.03992951454060645,0.039929514540606004,0.054841465913470853,0.23418254826837728
627,0.03974301366872346,0.039743013668723015,0.054587707047862526,0.23364012294095063
628,0.0395573922072916,0.03955739220729115,0.054335122358779256,0.23309895400618866
629,0.039372645930112915,0.03937264593011247,0.05408370641314775,0.2325590385539718
630,0.039188770632069825,0.03918877063206927,0.0538334538030343,0.23202037368092118
631,0.03900576212901197,0.0390057621290113,0.05358435914552842,0.23148295649038272
632,0.038823616257643856,0.0388236162576433,0.053336417082627104,0.23094678409241187
633,0.03864232887541452,0.03864232887541397,0.053089622281119526,0.23041185360375782
634,0.03846189586040594,0.03846189586040538,0.05284396943247237,0.22987816214784815
635,0.03828231311122354,0.03828231311122299,0.05259945325271557,0.2293457068547732
636,0.03810357654688623,0.038103576546885565,0.05235606848232873,0.22881448486127082
637,0.037925682106718206,0.03792568210671765,0.052113809886128015,0.2282844933107109
638,0.03774862575024107,0.037748625750240516,0.051872672253153417,0.22775572935307997
639,0.03757240345706547,0.03757240345706503,0.05163265039655676,0.22722819014496587
640,0.037397011226785404,0.03739701122678507,0.05139373915349018,0.2267018728495426
641,0.037222445078871624,0.03722244507887096,0.05115593338499491,0.22617677463655483
642,0.0370487010525653,0.03704870105256475,0.050919227975890914,0.2256528926823029
643,0.03687577520677521,0.03687577520677443,0.050683617834666767,0.22513022416962758
644,0.036703663619970905,0.03670366361997046,0.05044909789337009,0.22460876628789467
645,0.036532362390081397,0.03653236239008095,0.050215663107498684,0.22408851623298032
646,0.03636186763439042,0.03636186763438998,0.049983308455891926,0.22356947120725568
647,0.036192175489434764,0.03619217548943443,0.049752028940622764,0.22305162841957188
648,0.036023282110903,0.036023282110902555,0.049521819586890226,0.22253498508524502
649,0.0358551836735328,0.03585518367353224,0.049292675442912444,0.22201953842604133
650,0.03568787637101156,0.03568787637101112,0.04906459157982008,0.221505285670162
651,0.035521356415875616,0.03552135641587517,0.04883756309155038,0.22099222405222854
652,0.03535562003941184,0.03535562003941117,0.04861158509474153,0.22048035081326756
653,0.03519066349155742,0.03519066349155697,0.048386652728627765,0.2199696632006963
654,0.03502648304080247,0.035026483040802026,0.04816276115493472,0.2194601584683077
655,0.03486307497409258,0.03486307497409202,0.04793990555777537,0.21895183387625547
656,0.03470043559673064,0.034700435596730306,0.04771808114354645,0.21844468669103959
657,0.03453856123228127,0.03453856123228072,0.04749728314082534,0.21793871418549146
658,0.03437744822247424,0.03437744822247368,0.04727750680026744,0.2174339136387593
659,0.03421709292710917,0.03421709292710884,0.047058747394504045,0.21693028233629358
660,0.03405749172396133,0.034057491723961,0.04684100021804053,0.21642781756983212
661,0.033898641008686115,0.03389864100868567,0.04662426058715534,0.21592651663738602
662,0.03374053719472614,0.033740537194725584,0.04640852383979904,0.21542637684322466
663,0.03358317671321798,0.03358317671321742,0.04619378533549419,0.21492739549786152
664,0.03342655601289879,0.033426556012898345,0.04598004045523543,0.2144295699180396
665,0.033270671560015286,0.03327067156001484,0.045767284601390186,0.21393289742671692
666,0.03311551983823113,0.03311551983823047,0.045555513197599734,0.2134373753530523
667,0.03296109734853614,0.032961097348535695,0.04534472168868078,0.21294300103239078
668,0.03280740060915632,0.03280740060915566,0.04513490554052751,0.21244977180624955
669,0.03265442615546288,0.032654426155462435,0.04492606024001395,0.21195768502230333
670,0.0325021705398838,0.03250217053988336,0.04471818129489704,0.2114667380343704
671,0.03235063033181351,0.032350630331812735,0.04451126423371993,0.2109769282023983
672,0.03219980211752538,0.032199802117525045,0.04430530460571577,0.2104882528924495
673,0.03204968250008444,0.032049682500084,0.044100297980712036,0.21000070947668734
674,0.03190026809925761,0.031900268099256945,0.04389623994903522,0.20951429533336197
675,0.03175155555142917,0.03175155555142861,0.04369312612141592,0.20902900784679604
676,0.031603541509512834,0.03160354150951261,0.04349095212889456,0.20854484440737095
677,0.03145622264286674,0.03145622264286618,0.04328971362272722,0.20806180241151237
678,0.03130959563720692,0.03130959563720648,0.04308940627429228,0.2075798792616767
679,0.031163657194523298,0.031163657194522854,0.042890025774997224,0.20709907236633684
680,0.031018404032994606,0.031018404032994273,0.04269156783618597,0.2066193791399683
681,0.03087383288690493,0.030873832886904595,0.04249402818904662,0.20614079700303534
682,0.030729940506559528,0.030729940506559084,0.042297402584519674,0.20566332338197707
683,0.030586723658202253,0.030586723658201587,0.042101686793206555,0.20518695570919354
684,0.03044417912393249,0.030444179123932158,0.04190687660527872,0.2047116914230321
685,0.030302303701624345,0.03030230370162368,0.04171296783038709,0.20423752796777356
686,0.03016109420484281,0.030161094204842365,0.04151995629757182,0.2037644627936182
687,0.030020547462764835,0.03002054746276439,0.04132783785517273,0.2032924933566725
688,0.029880660320097174,0.02988066032009684,0.0411366083707399,0.2028216171189351
689,0.029741429636996886,0.02974142963699644,0.040946263730944836,0.20235183154828335
690,0.029602852288991066,0.02960285228899029,0.040756799841491956,0.20188313411845962
691,0.02946492516689747,0.029464925166896916,0.04056821262703054,0.20141552230905774
692,0.029327645176746353,0.02932764517674591,0.04038049803106705,0.20094899360550939
693,0.029191009239701193,0.02919100923970075,0.040193652015877934,0.20048354549907066
694,0.029055014291981207,0.02905501429198054,0.04000767056242266,0.20001917548680842
695,0.028919657284783407,0.02891965728478285,0.03982254967025742,0.19955588107158712
696,0.028784935184205773,0.028784935184205218,0.039638285357448934,0.19909365976205504
697,0.02865084497117021,0.028650844971169875,0.0394548736604889,0.19863250907263116
698,0.02851738364134737,0.028517383641346705,0.03927231063420871,0.19817242652349168
699,0.028384548205079074,0.02838454820507852,0.039090592351694556,0.19771340964055664
700,0.02825233568730401,0.028252335687303454,0.03890971490420301,0.1972554559554767
701,0.02812074312748325,0.028120743127482695,0.03872967440107693,0.19679856300561985
702,0.027989767579524205,0.02798976757952376,0.03855046696966173,0.19634272833405808
703,0.02785940611170823,0.027859406111707674,0.03837208875522218,0.19588794948955432
704,0.027729655806614795,0.02772965580661424,0.0381945359208594,0.19543422402654914
705,0.027600513761050438,0.027600513761049883,0.03801780464742834,0.19498154950514765
706,0.027471977085974597,0.02747197708597382,0.037841891133455687,0.19452992349110634
707,0.02734404290642678,0.027344042906426225,0.03766679159505803,0.19407934355582004
708,0.02721670836145562,0.027216708361455066,0.03749250226586052,0.19362980727630888
709,0.02708997060404661,0.027089970604046165,0.037319019396915815,0.19318131223520513
710,0.026963826801050583,0.026963826801049917,0.03714633925662347,0.19273385602074036
711,0.026838274133113016,0.026838274133112572,0.03697445813064965,0.19228743622673233
712,0.026713309794603957,0.0267133097946034,0.036803372321847244,0.19184205045257216
713,0.0265889309935472,0.026588930993546755,0.036633078150176336,0.19139769630321138
714,0.02646513495155145,0.026465134951550784,0.03646357195262507,0.19095437138914906
715,0.026341918903739714,0.02634191890373916,0.03629485008313082,0.19051207332641892
716,0.02621928009868202,0.02621928009868124,0.036126908912501816,0.19007079973657662
717,0.026097215798325468,0.026097215798324913,0.035959744828338996,0.18963054824668676
718,0.025975723277926743,0.025975723277926188,0.03579335423495842,0.18919131648931042
719,0.025854799825984154,0.02585479982598371,0.035627733553313785,0.18875310210249205
720,0.025734442744170583,0.02573444274417014,0.035462879220919584,0.18831590272974713
721,0.02561464934726565,0.025614649347265095,0.03529878769177439,0.18787971602004935
722,0.025495416963089435,0.02549541696308899,0.035135455436284595,0.1874445396278179
723,0.02537674293243697,0.02537674293243619,0.03497287894118852,0.18701037121290498
724,0.025258624609010516,0.02525862460900996,0.03481105470948078,0.18657720844058306
725,0.025141059359355733,0.02514105935935529,0.034649979260337166,0.18614504898153258
726,0.025024044562795833,0.025024044562795278,0.034489649129039644,0.1857138905118291
727,0.024907577611366083,0.024907577611365528,0.03433006086690197,0.1852837307129311
728,0.02479165590975041,0.024791655909749855,0.03417121104119536,0.18485456727166727
729,0.024676276875216452,0.024676276875215897,0.03401309623507479,0.18442639788022427
730,0.024561437937552055,0.0245614379375515,0.03385571304750541,0.1839992202361342
731,0.024447136539001768,0.024447136539001213,0.03369905809318944,0.18357303204226225
732,0.024333370134204113,0.024333370134203558,0.0335431280024933,0.18314783100679435
733,0.024220136190128194,0.02422013619012775,0.03338791942137519,0.18272361484322486
734,0.024107432186011746,0.0241074321860113,0.033233429011312876,0.18230038127034423
735,0.02399525561329885,0.023995255613298294,0.03307965344923197,0.18187812801222683
736,0.023883603975578538,0.023883603975577872,0.032926589427434344,0.18145685279821852
737,0.023772474788522624,0.02377247478852218,0.03277423365352705,0.18103655336292462
738,0.02366186557982619,0.023661865579825636,0.032622582850351536,0.18061722744619776
739,0.023551773889144867,0.023551773889144423,0.03247163375591302,0.1801988727931255
740,0.023442197268036313,0.02344219726803587,0.03232138312331048,0.1797814871540184
741,0.0233331332798985,0.023333133279898055,0.03217182772066673,0.1793650682843979
742,0.023224579499911302,0.02322457949991108,0.03202296433105887,0.17894961394498415
743,0.023116533514976556,0.023116533514976334,0.031874789752449215,0.17853512190168414
744,0.02300899292365921,0.023008992923658655,0.03172730079761626,0.17812158992557936
745,0.022901955336127378,0.022901955336126933,0.03158049429408624,0.17770901579291423
746,0.022795418374096155,0.0227954183740956,0.031434367084064864,0.17729739728508387
747,0.022689379670767673,0.022689379670766896,0.03128891602436939,0.1768867321886223
748,0.022583836870773366,0.02258383687077281,0.03114413798636097,0.1764770182951904
749,0.02247878763011779,0.022478787630117125,0.031000029855877406,0.17606825340156415
750,0.02237422961612001,0.022374229616119345,0.030856588533166168,0.17566043530962278
751,0.02227016050735775,0.022270160507356973,0.03071381093281768,0.17525356182633686
752,0.02216657799360977,0.022166577993609105,0.03057169398369898,0.17484763076375665
753,0.02206347977580081,0.022063479775800143,0.030430234628887626,0.17444263993900008
754,0.021960863565944955,0.0219608635659444,0.03028942982560601,0.17403858717424137
755,0.02185872708708969,0.021858727087089025,0.030149276545155854,0.17363547029669904
756,0.021757068073261276,0.02175706807326061,0.030009771772853053,0.1732332871386243
757,0.021655884269409342,0.021655884269408454,0.029870912507962886,0.17283203553728946
758,0.021555173431351715,0.021555173431350938,0.02973269576363541,0.1724317133349762
759,0.021454933325721015,0.021454933325720238,0.029595118566841258,0.17203231837896407
760,0.021355161729909033,0.021355161729908256,0.02945817795830767,0.17163384852151883
761,0.02125585643201422,0.021255856432013776,0.02932187099245481,0.17123630161988085
762,0.021157015230787835,0.02115701523078717,0.02918619473733247,0.1708396755362538
763,0.02105863593557933,0.021058635935578662,0.029051146274556978,0.17044396813779294
764,0.020960716366284937,0.02096071636628427,0.028916722699248384,0.17004917729659377
765,0.02086325435329428,0.020863254353293725,0.028782921119968035,0.16965530088968053
766,0.02076624773743807,0.020766247737437515,0.02864973865865635,0.1692623367989948
767,0.0206696943699356,0.020669694369934932,0.02851717245057092,0.16887028291138415
768,0.020573592112342887,0.02057359211234233,0.028385219644224875,0.16847913711859067
769,0.020477938836501952,0.020477938836501175,0.02825387740132556,0.16808889731723972
770,0.02038273242448785,0.020382732424487182,0.028123142896713495,0.16769956140882866
771,0.020287970768559482,0.020287970768558927,0.027993013318301598,0.16731112729971548
772,0.020193651771107213,0.020193651771106658,0.02786348586701467,0.1669235929011075
773,0.020099773344603222,0.020099773344602445,0.027734557756729228,0.1665369561290503
774,0.02000633341155089,0.020006333411550115,0.02760622621421356,0.1661512149044164
775,0.019913329904435173,0.019913329904434507,0.027478488479068065,0.16576636715289403
776,0.019820760765672407,0.01982076076567174,0.02735134180366588,0.16538241080497612
777,0.019728623947561474,0.01972862394756081,0.02722478345309382,0.16499934379594913
778,0.019636917412233834,0.019636917412233057,0.027098810705093433,0.16461716406588175
779,0.01954563913160512,0.019545639131604342,0.0269734208500026,0.16423586955961417
780,0.01945478708732651,0.01945478708732562,0.026848611190697137,0.16385545822674671
781,0.019364359270736098,0.01936435927073521,0.026724379042532824,0.163475928021629
782,0.019274353682810608,0.01927435368280983,0.02660072173328766,0.16309727690334888
783,0.019184768334118196,0.01918476833411753,0.02647763660310438,0.1627195028357215
784,0.019095601244769833,0.019095601244768945,0.026355121004433216,0.16234260378727827
785,0.019006850444372336,0.01900685044437178,0.026233172301974993,0.161966577731256
786,0.018918513971981632,0.018918513971981188,0.0261117878726244,0.16159142264558599
787,0.01883058987605546,0.018830589876054793,0.025990965105413596,0.16121713651288314
788,0.018743076214406407,0.01874307621440574,0.02587070140145606,0.16084371732043518
789,0.018655971054156284,0.018655971054155618,0.025750994173890637,0.1604711630601917
790,0.018569272471689047,0.01856927247168849,0.025631840847825958,0.16009947172875355
791,0.018482978552606166,0.01848297855260539,0.025513238860284993,0.1597286413273618
792,0.018397087391679445,0.018397087391679,0.025395185660149984,0.1593586698618873
793,0.018311597092807053,0.018311597092806497,0.025277678708107525,0.1589895553428197
794,0.018226505768966894,0.018226505768966228,0.02516071547659397,0.15862129578525694
795,0.01814181154217287,0.018141811542172315,0.025044293449741,0.15825388920889433
796,0.018057512543429688,0.01805751254342891,0.024928410123321615,0.15788733363801422
797,0.017973606912688123,0.017973606912687567,0.024813063004696195,0.15752162710147516
798,0.01789009279880116,0.017890092798800716,0.02469824961275889,0.15715676763270137
799,0.017806968359479924,0.01780696835947926,0.02458396747788428,0.15679275326967212
800,0.01772423176124982,0.017724231761248932,0.024470214141874204,0.15642958205491123
801,0.017641881179406682,0.017641881179406127,0.02435698715790496,0.15606725203547656
802,0.017559914797974363,0.017559914797973586,0.024244284090474598,0.1557057612629494
803,0.017478330809660658,0.01747833080965988,0.02413210251535055,0.1553451077934241
804,0.01739712741581445,0.017397127415813674,0.024020440019517537,0.15498528968749756
805,0.01731630282638419,0.017316302826383412,0.023909294201125617,0.1546263050102589
806,0.017235855259874366,0.017235855259873478,0.02379866266943851,0.15426815183127887
807,0.017155782943303333,0.017155782943302667,0.023688543044782226,0.15391082822459967
808,0.017076084112162326,0.01707608411216155,0.02357893295849383,0.15355433226872445
809,0.016996757010372177,0.01699675701037162,0.023469830052870507,0.153198662046607
810,0.016917799890243446,0.01691779989024289,0.023361231981118873,0.1528438156456416
811,0.016839211012433797,0.01683921101243324,0.023253136407304427,0.15248979115765235
812,0.01676098864590747,0.016760988645906694,0.023145541006301413,0.15213658667888344
813,0.016683131067893986,0.01668313106789332,0.02303844346374271,0.1517842003099885
814,0.01660563656384817,0.016605636563847503,0.022931841475970077,0.15143263015602046
815,0.01652850342740908,0.016528503427408414,0.022825732749984638,0.15108187432642156
816,0.01645172996035993,0.01645172996035915,0.022720115003397528,0.150731930935013
817,0.016375314472588,0.016375314472587443,0.022614985964380788,0.15038279809998478
818,0.016299255282044678,0.016299255282044123,0.022510343371618505,0.15003447394388567
819,0.01622355071470638,0.016223550714705604,0.022406184974258232,0.14968695659361317
820,0.016148199104534244,0.016148199104533578,0.022302508531862462,0.14934024418040323
821,0.016073198793435717,0.01607319879343505,0.022199311814360505,0.14899433483982036
822,0.01599854813122481,0.015998548131224255,0.022096592602000545,0.14864922671174763
823,0.015924245475584353,0.015924245475583687,0.02199434868530182,0.14830491794037653
824,0.0158502891920258,0.015850289192024913,0.02189257786500715,0.14796140667419713
825,0.015776677653851934,0.01577667765385138,0.02179127795203561,0.14761869106598802
826,0.015703409242118882,0.01570340924211855,0.021690446767435458,0.14727676927280642
827,0.015630482345597274,0.015630482345596608,0.021590082142337253,0.14693563945597832
828,0.015557895360734597,0.01555789536073382,0.021490181917907178,0.1465952997810884
829,0.015485646691618005,0.015485646691617228,0.021390743945300668,0.14625574841797045
830,0.015413734749936125,0.015413734749935348,0.021291766085616132,0.14591698354069732
831,0.015342157954943092,0.015342157954942315,0.02119324620984898,0.14557900332757118
832,0.015270914733419794,0.015270914733419017,0.0210951821988458,0.1452418059611137
833,0.015200003519638572,0.015200003519637906,0.02099757194325879,0.14490538962805624
834,0.015129422755325694,0.015129422755325028,0.0209004133435004,0.14456975251933027
835,0.015059170889625051,0.015059170889624274,0.02080370430969813,0.14423489283005736
836,0.014989246379061738,0.014989246379061072,0.020707442761649635,0.14390080875953976
837,0.014919647687506421,0.014919647687505755,0.020611626628777906,0.14356749851125047
838,0.014850373286138807,0.014850373286138252,0.020516253850086808,0.1432349602928238
839,0.014781421653412341,0.014781421653411786,0.020421322374116695,0.14290319231604554
840,0.014712791275018677,0.014712791275018122,0.020326830158900314,0.1425721927968435
841,0.01464448064385171,0.014644480643851043,0.020232775171918856,0.1422419599552778
842,0.014576488259973264,0.014576488259972598,0.02013915539005826,0.14191249201553138
843,0.01450881263057735,0.014508812630576573,0.020045968799565685,0.1415837872059004
844,0.014441452269955635,0.01444145226995508,0.019953213396006208,0.14125584375878475
845,0.014374405699463466,0.014374405699462911,0.01986088718421967,0.14092865991067846
846,0.014307671447483572,0.014307671447483128,0.019768988178277814,0.14060223390216037
847,0.014241248049393862,0.014241248049393307,0.01967751440144152,0.1402765639778845
848,0.014175134047532234,0.01417513404753179,0.01958646388611832,0.1399516483865707
849,0.014109327991162601,0.014109327991161935,0.01949583467382006,0.13962748538099531
850,0.01404382843644092,0.014043828436440364,0.019405624815120773,0.13930407321798158
851,0.013978633946382768,0.013978633946382435,0.019315832369614747,0.1389814101583904
852,0.013913743090828934,0.013913743090828268,0.019226455405874806,0.13865949446711107
853,0.013849154446411771,0.013849154446411327,0.01913749200141071,0.1383383244130516
854,0.013784866596523337,0.013784866596522893,0.019048940242627887,0.13801789826912989
855,0.013720878131281533,0.0137208781312812,0.018960798224786187,0.137698214312264
856,0.013657187647498015,0.01365718764749757,0.01887306405195898,0.13737927082336324
857,0.013593793748644778,0.013593793748644112,0.018785735836992317,0.1370610660873186
858,0.013530695044822405,0.013530695044821961,0.018698811701464393,0.13674359839299385
859,0.01346789015272809,0.013467890152727646,0.018612289775645087,0.13642686603321608
860,0.013405377695622445,0.013405377695622,0.01852616819845579,0.13611086730476663
861,0.013343156303298631,0.013343156303298298,0.01844044511742936,0.135795600508372
862,0.01328122461205028,0.013281224612049725,0.01835511868867024,0.13548106394869447
863,0.013219581264639624,0.013219581264639069,0.01827018707681485,0.13516725593432327
864,0.013158224910266414,0.013158224910265637,0.018185648454992098,0.1348541747777654
865,0.013097154204536166,0.013097154204535721,0.018101501004784054,0.13454181879543645
866,0.013036367809430183,0.013036367809429739,0.018017742916186838,0.13423018630765152
867,0.012975864393272918,0.012975864393272474,0.01793437238757172,0.13391927563861641
868,0.012915642630702662,0.012915642630702218,0.017851387625646357,0.13360908511641847
869,0.012855701202639791,0.012855701202639458,0.017768786845416197,0.13329961307301758
870,0.012796038796257458,0.012796038796257014,0.0176865682701461,0.13299085784423717
871,0.01273665410494984,0.012736654104949285,0.017604730131322136,0.13268281776975546
872,0.01267754582830316,0.012677545828302605,0.01752327066861351,0.13237549119309627
873,0.012618712672064936,0.01261871267206438,0.01744218812983471,0.13206887646162024
874,0.012560153348114667,0.012560153348114222,0.017361480770907847,0.131762971926516
875,0.01250186657443364,0.012501866574433085,0.017281146855825102,0.13145777594279123
876,0.012443851075075507,0.012443851075074952,0.017201184656611385,0.13115328686926372
877,0.012386105580136642,0.012386105580136197,0.01712159245328721,0.1308495030685528
878,0.012328628825727828,0.012328628825727384,0.017042368533831634,0.13054642290707025
879,0.01227141955394373,0.012271419553943064,0.016963511194145502,0.13024404475501175
880,0.012214476512834582,0.012214476512834138,0.01688501873801473,0.12994236698634795
881,0.012157798456377877,0.012157798456377433,0.016806889477073855,0.12964138797881583
882,0.012101384144448724,0.012101384144448057,0.01672912173076971,0.12934110611390995
883,0.012045232342791867,0.012045232342791312,0.016651713826325257,0.1290415197768736
884,0.011989341822993271,0.011989341822992716,0.016574664098703645,0.1287426273566904
885,0.011933711362451582,0.011933711362451138,0.016497970890572373,0.12844442724607547
886,0.011878339744350375,0.01187833974434982,0.01642163255226763,0.12814691784146676
887,0.01182322575762984,0.011823225757629174,0.016345647441758815,0.12785009754301643
888,0.011768368196959145,0.01176836819695859,0.016270013924613254,0.12755396475458242
889,0.01171376586270867,0.011713765862708336,0.016194730373960985,0.1272585178837196
890,0.011659417560922813,0.01165941756092237,0.016119795170459805,0.12696375534167145
891,0.011605322103291904,0.011605322103291349,0.016045206702260426,0.1266696755433613
892,0.011551478307125218,0.011551478307124663,0.015970963364971794,0.12637627690738398
893,0.011497884995324226,0.011497884995323782,0.01589706356162661,0.12608355785599726
894,0.011444540996355057,0.011444540996354724,0.015823505702646932,0.1257915168151133
895,0.011391445144222079,0.011391445144221746,0.01575028820581003,0.12550015221429028
896,0.011338596278440694,0.01133859627844025,0.015677409496214326,0.12520946248672393
897,0.011285993244011028,0.011285993244010473,0.015604868006245526,0.12491944606923906
898,0.011233634891391286,0.011233634891390842,0.015532662175542892,0.12463010140228119
899,0.011181520076472218,0.011181520076471663,0.015460790450965699,0.1243414269299082
900,0.01112964766054958,0.011129647660549025,0.01538925128655979,0.1240534210997818
901,0.011078016510298827,0.011078016510298272,0.015318043143524364,0.12376608236315943
902,0.011026625497749243,0.011026625497748688,0.015247164490178862,0.12347940917488576
903,0.010975473500258515,0.010975473500257737,0.01517661380193001,0.12319339999338443
904,0.010924559400485201,0.010924559400484868,0.015106389561239036,0.12290805328064974
905,0.010873882086366304,0.010873882086365638,0.015036490257589026,0.12262336750223844
906,0.010823440451088295,0.010823440451087851,0.014966914387452426,0.12233934112726137
907,0.010773233393064796,0.010773233393064352,0.014897660454258712,0.12205597262837535
908,0.010723259815909825,0.01072325981590938,0.014828726968362191,0.12177326048177486
909,0.010673518628413037,0.010673518628412482,0.014760112447009968,0.12149120316718395
910,0.010624008744515079,0.010624008744514635,0.014691815414310036,0.12120979916784796
911,0.010574729083282719,0.010574729083282164,0.014623834401199548,0.12092904697052544
912,0.010525678568883534,0.010525678568882979,0.0145561679454132,0.12064894506547995
913,0.010476856130562595,0.010476856130562262,0.014488814591451796,0.12036949194647203
914,0.010428260702617265,0.01042826070261682,0.014421772890550926,0.12009068611075101
915,0.010379891224372662,0.010379891224371995,0.014355041400649825,0.11981252605904703
916,0.01033174664015779,0.010331746640157347,0.014288618686360296,0.11953501029556277
917,0.010283825899282117,0.010283825899281673,0.014222503318935919,0.11925813732796567
918,0.010236127956010588,0.010236127956010255,0.014156693876241256,0.11898190566737976
919,0.010188651769540424,0.01018865176953998,0.01409118894272129,0.11870631382837768
920,0.010141396303976813,0.010141396303976369,0.01402598710937097,0.11843136032897271
921,0.010094360528310475,0.01009436052830992,0.013961086973704892,0.11815704369061072
922,0.010047543416392801,0.010047543416392468,0.013896487139727146,0.11788336243816235
923,0.010000943946913976,0.010000943946913532,0.013832186217901282,0.11761031509991494
924,0.009954561103378001,0.00995456110337778,0.013768182825120427,0.11733790020756477
925,0.0099083938740816,0.009908393874081156,0.013704475584677528,0.11706611629620899
926,0.009862441252089238,0.009862441252088794,0.013641063126235737,0.11679496190433789
927,0.009816702235211583,0.00981670223521125,0.013577944085798951,0.11652443557382697
928,0.009771175825982303,0.00977117582598186,0.013515117105682446,0.11625453584992908
929,0.00972586103163553,0.009725861031635086,0.0134525808344837,0.11598526128126668
930,0.009680756864082873,0.00968075686408243,0.013390333927053308,0.11571661041982395
931,0.009635862339891443,0.009635862339891,0.013328375044466052,0.11544858182093902
932,0.00959117648026142,0.009591176480260866,0.013266702853992118,0.11518117404329632
933,0.009546698311003743,0.00954669831100341,0.013205316029068374,0.11491438564891854
934,0.009502426862518343,0.009502426862517899,0.01314421324926991,0.11464821520315922
935,0.009458361169771279,0.009458361169770835,0.013083393200281589,0.1143826612746949
936,0.009414500272273973,0.00941450027227364,0.013022854573869789,0.11411772243551739
937,0.009370843214060898,0.009370843214060676,0.01296259606785426,0.11385339726092612
938,0.009327389043667589,0.009327389043667367,0.012902616386080113,0.11358968432952049
939,0.009284136814109556,0.009284136814109223,0.01284291423838995,0.11332658222319224
940,0.009241085582861075,0.00924108558286052,0.012783488340596103,0.11306408952711777
941,0.009198234411832429,0.009198234411832207,0.012724337414453004,0.11280220482975058
942,0.009155582367351034,0.0091555823673507,0.012665460187629715,0.11254092672281367
943,0.009113128520137792,0.009113128520137459,0.012606855393682535,0.11228025380129195
944,0.009070871945287884,0.009070871945287662,0.01254852177202777,0.1120201846634247
945,0.009028811722249008,0.009028811722248675,0.012490458067914621,0.11176071791069804
946,0.008986946934800732,0.008986946934800288,0.012432663032398187,0.11150185214783738
947,0.00894527667103362,0.008945276671033064,0.012375135422312604,0.11124358598279994
948,0.00890380002332869,0.008903800023328357,0.012317874000244308,0.11098591802676729
949,0.008862516088337546,0.00886251608833688,0.012260877534505419,0.11072884689413784
950,0.008821423966960396,0.008821423966959951,0.012204144799107211,0.11047237120251928
951,0.008780522764327614,0.008780522764327059,0.012147674573733815,0.11021648957272144
952,0.00873981158977799,0.008739811589777546,0.012091465643715908,0.10996120062874863
953,0.008699289556839851,0.008699289556839518,0.012035516800004609,0.10970650299779229
954,0.008658955783209854,0.008658955783209521,0.011979826839145467,0.10945239531022365
955,0.008618809390733784,0.00861880939073334,0.011924394563252583,0.10919887619958633
956,0.008578849505386676,0.008578849505386454,0.011869218779982833,0.10894594430258904
957,0.00853907525725317,0.008539075257252615,0.011814298302510228,0.10869359825909816
958,0.008499485780507188,0.008499485780507077,0.011759631949500382,0.10844183671213053
959,0.008460080213393839,0.008460080213393506,0.011705218545085097,0.10819065830784605
960,0.008420857698208106,0.008420857698207662,0.01165105691883709,0.1079400616955405
961,0.008381817381276857,0.008381817381276524,0.01159714590574479,0.10769004552763821
962,0.00834295841293975,0.008342958412939194,0.011543484346187296,0.10744060845968481
963,0.008304279947528248,0.008304279947528026,0.01149007108590943,0.10719174915034006
964,0.008265781143349638,0.008265781143349193,0.011436904975996908,0.10694346626137058
965,0.008227461162664929,0.008227461162664595,0.01138398487285163,0.10669575845764268
966,0.00818931917167176,0.00818931917167165,0.011331309638167083,0.10644862440711521
967,0.008151354340485528,0.008151354340485195,0.01127887813890383,0.10620206278083223
968,0.008113565843120063,0.008113565843119619,0.01122668924726518,0.10595607225291612
969,0.008075952857469426,0.008075952857469093,0.011174741840672912,0.1057106515005603
970,0.008038514565289478,0.008038514565289256,0.011123034801743115,0.10546579920402213
971,0.008001250152179562,0.008001250152179118,0.011071567018262169,0.10522151404661581
972,0.007964158807563182,0.00796415880756296,0.011020337383162816,0.10497779471470534
973,0.007927239724671686,0.007927239724671353,0.010969344794500346,0.10473463989769739
974,0.00789049210052406,0.00789049210052395,0.010918588155428902,0.10449204828803435
975,0.007853915135910494,0.00785391513591005,0.010868066374177872,0.10425001858118718
976,0.007817508035373177,0.007817508035372955,0.010817778364028424,0.10400854947564851
977,0.0077812700071895335,0.0077812700071890895,0.010767723043290107,0.10376763967292553
978,0.007745200263353347,0.007745200263353125,0.010717899335277618,0.10352728787753313
979,0.0077092980195582195,0.007709298019557886,0.010668306168287595,0.10328749279698678
980,0.0076735624951789205,0.0076735624951786985,0.01061894247557562,0.10304825314179576
981,0.007637992913254621,0.007637992913254288,0.010569807195333224,0.10280956762545607
982,0.007602588500470686,0.007602588500470242,0.010520899270665083,0.1025714349644436
983,0.007567348487142023,0.007567348487141579,0.010472217649566275,0.10233385387820726
984,0.007532272107195648,0.007532272107195426,0.010423761284899611,0.10209682308916185
985,0.007497358598153148,0.007497358598152815,0.010375529134373193,0.10186034132268158
986,0.007462607201113913,0.007462607201113691,0.010327520160517922,0.10162440730709292
987,0.007428017160738154,0.007428017160737932,0.010279733330665213,0.10138901977366786
988,0.007393587725230022,0.0073935877252298,0.010232167616924784,0.1011541774566171
989,0.007359318146319849,0.007359318146319405,0.010184821996162535,0.10091987909308321
990,0.007325207679248713,0.00732520767924838,0.010137695449978543,0.10068612342313385
991,0.007291255582751011,0.0072912555827505665,0.010090786964685166,0.10045290918975501
992,0.007257461119037911,0.007257461119037578,0.01004409553128523,0.10022023513884425
993,0.007223823553780928,0.007223823553780595,0.00999762014545032,0.09998810001920388
994,0.007190342156095486,0.007190342156095153,0.009951359807499194,0.0997565025825344
995,0.007157016198524602,0.007157016198524269,0.009905313522376261,0.0995254415834276
996,0.0071238449570218965,0.007123844957021563,0.009859480299630194,0.09929491577935999
997,0.007090827710936942,0.007090827710936609,0.009813859153392612,0.09906492393068604
998,0.007057963742997497,0.007057963742997164,0.009768449102356885,0.09883546480063159
999,0.007025252339294519,0.007025252339294075,0.009723249169757028,0.09860653715528717
1000,0.00699269278926562,0.006992692789265176,0.009678258383346657,0.09837813976360123
